{
    "fold1": [
        [
            0.7443438355309459,
            0.8468492427697548
        ],
        [
            0.8358121787508329,
            0.8696446194098546
        ],
        [
            0.8888637453317643,
            0.8875865552669916
        ],
        [
            0.8869088681080403,
            0.8784955419791051
        ],
        [
            0.8430158876073666,
            0.7422360171778843
        ],
        [
            0.8850897289239443,
            0.8723922152549792
        ],
        [
            0.7086584926818316,
            0.817190729196255
        ],
        [
            0.8517835156275676,
            0.7665512156896651
        ],
        [
            0.8953082524813138,
            0.8759671382414989
        ],
        [
            0.8293714247834988,
            0.8604131548832624
        ],
        [
            0.8262999698137625,
            0.7040390448501477
        ],
        [
            0.7392003000164643,
            0.41322079182807964
        ]
    ],
    "fold2": [
        [
            0.8537294235664652,
            0.8501261404516764
        ],
        [
            0.889380333432808,
            0.8834825867552377
        ],
        [
            0.8112399524573362,
            0.8585036622221488
        ],
        [
            0.8455636479860713,
            0.8651771275733614
        ],
        [
            0.8370748281402269,
            0.866610281111955
        ],
        [
            0.8418513215063164,
            0.8314232422101161
        ],
        [
            0.7431310169532857,
            0.8062305677212909
        ],
        [
            0.8825876987072373,
            0.8895353967548949
        ],
        [
            0.8837293641579488,
            0.8414814024397524
        ],
        [
            0.9166885856491128,
            0.9030585548718362
        ],
        [
            0.9036475420764295,
            0.8840878514673532
        ],
        [
            0.39805272129989183,
            0.7264165323620284
        ]
    ],
    "fold3": [
        [
            0.867508843273001,
            0.8615180011120431
        ],
        [
            0.9095943901103689,
            0.8992117778194594
        ],
        [
            0.8857883015757662,
            0.8769287462406109
        ],
        [
            0.9112467424115669,
            0.8859756971999122
        ],
        [
            0.9222249145066523,
            0.9063190660010879
        ],
        [
            0.927049916323782,
            0.9148577721382475
        ],
        [
            0.8941469194037136,
            0.8889396745318925
        ],
        [
            0.9096129469209587,
            0.9089554044918413
        ],
        [
            0.9350107292283164,
            0.9279873072334918
        ],
        [
            0.8683953989287575,
            0.87358401053056
        ],
        [
            0.9254789686448164,
            0.9191623559954234
        ],
        [
            0.5741424389892188,
            0.750808470200144
        ]
    ],
    "fold4": [
        [
            0.8439641673031687,
            0.8573186517068231
        ],
        [
            0.8340740426034118,
            0.8456122547311464
        ],
        [
            0.9178203911278732,
            0.8861238090728426
        ],
        [
            0.8526641500486506,
            0.7251193193781039
        ],
        [
            0.8569649994986223,
            0.8563720163312241
        ],
        [
            0.7524155602050624,
            0.5605549260226957
        ],
        [
            0.9083079887233234,
            0.8691380635325278
        ],
        [
            0.9275850379375076,
            0.8964548794346787
        ],
        [
            0.7642418369842372,
            0.7106160744641618
        ],
        [
            0.8014267762706335,
            0.5571549890630526
        ],
        [
            0.7923518228500239,
            0.8128487401878925
        ],
        [
            0.5064384315323305,
            0.709971686178737
        ]
    ],
    "fold5": [
        [
            0.8500571152085203,
            0.8364819297447302
        ],
        [
            0.7802239113264647,
            0.793910671015938
        ],
        [
            0.869774919395888,
            0.8708367097672736
        ],
        [
            0.8276965148497977,
            0.8459422181535197
        ],
        [
            0.8570881836058855,
            0.8553654213644238
        ],
        [
            0.9133036887431206,
            0.8943946625089277
        ],
        [
            0.8752212380765336,
            0.8891836865242465
        ],
        [
            0.8494080757114145,
            0.7415921187918911
        ],
        [
            0.8964814172918815,
            0.8927462688601722
        ],
        [
            0.6970634109653044,
            0.8046926047011329
        ],
        [
            0.9207753989567793,
            0.9016305940623148
        ],
        [
            0.9228689626127405,
            0.9092038509012188
        ]
    ]
}