{
    "fold1": [
        [
            0.6502840370441285,
            0.750923316142498
        ],
        [
            0.7484485967801168,
            0.7851148907954876
        ],
        [
            0.8160272537133633,
            0.8145362468866202
        ],
        [
            0.8096670060203626,
            0.7967766749553191
        ],
        [
            0.7454351164209537,
            0.6335692534270959
        ],
        [
            0.8095696871861433,
            0.7920278958021066
        ],
        [
            0.5976866404184525,
            0.707524138612625
        ],
        [
            0.7581331642774435,
            0.6593669359449846
        ],
        [
            0.823098292411902,
            0.7939416199922562
        ],
        [
            0.736825923067637,
            0.771449407400229
        ],
        [
            0.7222919564407605,
            0.5887598042328579
        ],
        [
            0.6018968452627842,
            0.3091201144538154
        ]
    ],
    "fold2": [
        [
            0.7612913919751626,
            0.7535199111179092
        ],
        [
            0.8138736023694506,
            0.8039184356333358
        ],
        [
            0.7166869325220949,
            0.76292553298884
        ],
        [
            0.7508114411622515,
            0.7745914211769643
        ],
        [
            0.7461863484300654,
            0.777528878808941
        ],
        [
            0.7454371625093078,
            0.7281604798027054
        ],
        [
            0.6244437877749569,
            0.6889525782364806
        ],
        [
            0.804371483221765,
            0.8120617586879927
        ],
        [
            0.8045849327409789,
            0.752180807120083
        ],
        [
            0.8557378808299803,
            0.8371249913479798
        ],
        [
            0.8321162369533186,
            0.8034633171665638
        ],
        [
            0.2863585164981169,
            0.5778660642457192
        ]
    ],
    "fold3": [
        [
            0.7787208333419957,
            0.7691221813309775
        ],
        [
            0.8416613404732437,
            0.8258164568701256
        ],
        [
            0.8026094337815184,
            0.7887224705176366
        ],
        [
            0.8429963365771777,
            0.8058911515232223
        ],
        [
            0.8603924857620102,
            0.835664949487598
        ],
        [
            0.8679466100462299,
            0.849463915993438
        ],
        [
            0.8178947390198401,
            0.810320356434599
        ],
        [
            0.8418256968336424,
            0.8413272005886528
        ],
        [
            0.8812639402239979,
            0.8697030207951455
        ],
        [
            0.778342666386945,
            0.7862285448377114
        ],
        [
            0.8661202800610991,
            0.8552635181838871
        ],
        [
            0.4307832399569931,
            0.6126149679823829
        ]
    ],
    "fold4": [
        [
            0.7554320500335228,
            0.7641332922527294
        ],
        [
            0.7380390326016053,
            0.7470720165186492
        ],
        [
            0.8567498104891005,
            0.8108016107719784
        ],
        [
            0.7530413843059295,
            0.5989487033366084
        ],
        [
            0.7659703080176081,
            0.763022067537651
        ],
        [
            0.6181523170523288,
            0.4194275166846544
        ],
        [
            0.8403119621822338,
            0.782597943412614
        ],
        [
            0.8720327101667007,
            0.8259696594240733
        ],
        [
            0.6413699552838171,
            0.5780743665437772
        ],
        [
            0.6849974289651395,
            0.4339552734644289
        ],
        [
            0.6755725673201152,
            0.698141473156321
        ],
        [
            0.37445199872656776,
            0.5625088712856519
        ]
    ],
    "fold5": [
        [
            0.75822024993541,
            0.7384988007478052
        ],
        [
            0.6684026712393699,
            0.681071629675924
        ],
        [
            0.7888178317053459,
            0.7911899102574027
        ],
        [
            0.7334447539863979,
            0.7533455674936349
        ],
        [
            0.7682892846034548,
            0.7643789981508623
        ],
        [
            0.8487320251207425,
            0.8227482668691551
        ],
        [
            0.7988126866308767,
            0.8154364414417345
        ],
        [
            0.751727634576415,
            0.6275928890617483
        ],
        [
            0.8247135624021368,
            0.8201794442756624
        ],
        [
            0.5885974810242349,
            0.6919189304649677
        ],
        [
            0.8608888745461147,
            0.8349051062199634
        ],
        [
            0.8633795785107159,
            0.8449883123136731
        ]
    ]
}