{
    "fold1": [
        2.354685604572296,
        2.0845268964767456,
        1.9472657442092896,
        1.7973634600639343,
        1.647775650024414,
        1.5247350931167603,
        1.4207369983196259,
        1.3472844958305359,
        1.263915628194809,
        1.1921331882476807,
        1.1383316814899445,
        1.0727317035198212,
        1.030038058757782,
        0.9587035477161407,
        0.9209741353988647,
        0.8667495548725128,
        0.8121300041675568,
        0.765918955206871,
        0.7123028934001923,
        0.6895347535610199,
        0.6511290371417999,
        0.6091904640197754,
        0.5910105109214783,
        0.5540283620357513,
        0.5228449404239655,
        0.4942183494567871,
        0.4749377369880676,
        0.4355807453393936,
        0.4327744096517563,
        0.4031701683998108,
        0.38417598605155945,
        0.37022097408771515,
        0.3574220612645149,
        0.3377653583884239,
        0.322777584195137,
        0.3085668310523033,
        0.29824716597795486,
        0.2887715846300125,
        0.2977406308054924,
        0.30200572311878204,
        0.2858930677175522,
        0.26057326793670654,
        0.24711725860834122,
        0.24627182632684708,
        0.24107111990451813,
        0.22279169410467148,
        0.21095069497823715,
        0.208358995616436,
        0.2014058530330658,
        0.19668874889612198,
        0.1968057006597519,
        0.1903931461274624,
        0.1763438954949379,
        0.17514820396900177,
        0.17439918220043182,
        0.16778109967708588,
        0.17071690782904625,
        0.16535238549113274,
        0.15771298855543137,
        0.15490856766700745,
        0.15273670479655266,
        0.14802828803658485,
        0.14113784953951836,
        0.1434643529355526,
        0.1400931291282177,
        0.13494865223765373,
        0.13344217464327812,
        0.12749850749969482,
        0.13041650503873825,
        0.12749671190977097,
        0.1278698742389679,
        0.12438136339187622,
        0.1286086142063141,
        0.1225433386862278,
        0.1222294382750988,
        0.11715297400951385,
        0.1215268187224865,
        0.1154150478541851,
        0.11479507759213448,
        0.11405457556247711
    ],
    "fold2": [
        2.577515661716461,
        2.2060824036598206,
        2.1281692385673523,
        2.0987484455108643,
        2.08605819940567,
        2.064809024333954,
        2.0355159640312195,
        1.9844274520874023,
        1.9112828373908997,
        1.827446162700653,
        1.7427526116371155,
        1.6686567068099976,
        1.5758864879608154,
        1.4824300408363342,
        1.4152378141880035,
        1.3217116296291351,
        1.269301176071167,
        1.1823135316371918,
        1.1480888426303864,
        1.0655626356601715,
        1.0213238894939423,
        0.9581670761108398,
        0.8962271213531494,
        0.857828289270401,
        0.7900408804416656,
        0.7433735281229019,
        0.694875955581665,
        0.6593802571296692,
        0.6322129368782043,
        0.5940216928720474,
        0.5568707138299942,
        0.5455304086208344,
        0.509634405374527,
        0.4740225374698639,
        0.4779905080795288,
        0.44842852652072906,
        0.41689033806324005,
        0.4033445566892624,
        0.3786476328969002,
        0.3743700236082077,
        0.3486567884683609,
        0.33264099806547165,
        0.3082357421517372,
        0.2980082705616951,
        0.2939368933439255,
        0.28062596172094345,
        0.28052377700805664,
        0.25880080461502075,
        0.2541555166244507,
        0.2493741735816002,
        0.23722625523805618,
        0.22825434058904648,
        0.22591335326433182,
        0.2180512621998787,
        0.22082870453596115,
        0.21431798487901688,
        0.20262254029512405,
        0.2016618251800537,
        0.19428398460149765,
        0.1862049363553524,
        0.18350059911608696,
        0.1833064816892147,
        0.1772875338792801,
        0.16808508709073067,
        0.1692633144557476,
        0.1617056503891945,
        0.15974115207791328,
        0.1607586070895195,
        0.15081137046217918,
        0.1533498764038086,
        0.14985014125704765,
        0.1439898945391178,
        0.14894309267401695,
        0.14345956966280937,
        0.14471058547496796,
        0.14305579662322998,
        0.14260585233569145,
        0.13446444272994995,
        0.13318974152207375,
        0.13136320188641548
    ],
    "fold3": [
        2.623716711997986,
        2.4104921221733093,
        2.2064254879951477,
        2.0577906370162964,
        1.9478121995925903,
        1.8172600269317627,
        1.692998468875885,
        1.5824123620986938,
        1.4862556457519531,
        1.3844809532165527,
        1.3077018558979034,
        1.2184859216213226,
        1.1443553268909454,
        1.08645361661911,
        1.0236993730068207,
        0.9738190472126007,
        0.9098462164402008,
        0.8618324398994446,
        0.8173283338546753,
        0.7744261622428894,
        0.728392943739891,
        0.6850084513425827,
        0.6425641030073166,
        0.5974378138780594,
        0.5719784200191498,
        0.5425842106342316,
        0.510658398270607,
        0.4827425181865692,
        0.4609510153532028,
        0.4319145083427429,
        0.42578108608722687,
        0.41068823635578156,
        0.38546258211135864,
        0.3681265339255333,
        0.3499671369791031,
        0.3488050475716591,
        0.3382220044732094,
        0.3365321680903435,
        0.3564658686518669,
        0.31535887718200684,
        0.3153607025742531,
        0.2927941679954529,
        0.2798207253217697,
        0.27546101808547974,
        0.25722968578338623,
        0.24815791100263596,
        0.24384844303131104,
        0.23644696176052094,
        0.22970686107873917,
        0.21808482706546783,
        0.21324002742767334,
        0.21182362735271454,
        0.20565161854028702,
        0.1949537694454193,
        0.1962359994649887,
        0.19303730875253677,
        0.18880559876561165,
        0.1859951950609684,
        0.18358729034662247,
        0.1781657077372074,
        0.17197956144809723,
        0.17428267002105713,
        0.16593820601701736,
        0.16750068217515945,
        0.161726962774992,
        0.15884673967957497,
        0.15660112723708153,
        0.15718236938118935,
        0.147897869348526,
        0.1457441821694374,
        0.14292364940047264,
        0.14534847810864449,
        0.13796204328536987,
        0.13940443098545074,
        0.13457169756293297,
        0.13435078039765358,
        0.12910567224025726,
        0.12959469109773636,
        0.12695930898189545,
        0.1251293495297432
    ],