{
    "fold1": [
        0.6937826871871948,
        0.6944180727005005,
        0.6952027082443237,
        0.6966437697410583,
        0.699083149433136,
        0.703913152217865,
        0.7048894762992859,
        0.6391900777816772,
        0.6173328161239624,
        0.8081213235855103,
        0.8859238624572754,
        0.8869028687477112,
        1.2035036087036133,
        1.29169499874115,
        1.2441214323043823,
        1.5693473815917969,
        1.0233808755874634,
        0.3879449665546417,
        0.42112672328948975,
        0.45790839195251465,
        0.42679840326309204,
        0.3822844326496124,
        0.401283860206604,
        0.42232319712638855,
        0.43718212842941284,
        0.4074268937110901,
        1.7217620611190796,
        0.6382285952568054,
        0.738723635673523,
        0.44988954067230225,
        0.4781305193901062,
        2.358753204345703,
        2.352693796157837,
        0.43348801136016846,
        0.49177026748657227,
        1.693426489830017,
        1.5315476655960083,
        0.2113599330186844,
        0.623385488986969,
        0.43559446930885315,
        1.333182692527771,
        2.0563201904296875,
        0.3070354461669922,
        0.6702208518981934,
        0.8030580282211304,
        0.9516547322273254,
        0.8055357933044434,
        0.6286094188690186,
        0.21281959116458893,
        0.6159480810165405,
        0.22280572354793549,
        0.1799534559249878,
        0.17930638790130615,
        0.21092452108860016,
        0.228448748588562,
        0.19810260832309723,
        0.18617315590381622,
        0.1737772673368454,
        0.4385901987552643,
        2.3965394496917725,
        1.4669568538665771,
        0.5112451314926147,
        0.20057997107505798,
        0.19711750745773315,
        0.1997983604669571,
        1.7540560960769653,
        1.0973645448684692,
        2.190335750579834,
        2.7916266918182373,
        1.5430878400802612,
        0.26239290833473206,
        0.26609084010124207,
        0.19670435786247253,
        0.29782533645629883,
        1.7157320976257324,
        0.21656621992588043,
        0.23169822990894318,
        0.9189044237136841,
        0.7772201895713806,
        0.5161229968070984
    ],
    "fold2": [
        0.6938492655754089,
        0.6946821212768555,
        0.6949019432067871,
        0.6947621703147888,
        0.6945450901985168,
        0.6943350434303284,
        0.6940309405326843,
        0.6938072443008423,
        0.6940277218818665,
        0.6953060030937195,
        0.6988422870635986,
        0.7045594453811646,
        0.7125388979911804,
        0.7222813367843628,
        0.7321324348449707,
        0.740942120552063,
        0.7310470938682556,
        0.5420306921005249,
        0.5356969833374023,
        0.5397658348083496,
        0.4923212230205536,
        0.5573183298110962,
        0.5033069252967834,
        0.8899884819984436,
        0.8280617594718933,
        0.9224464297294617,
        1.0834108591079712,
        0.6244814395904541,
        0.3815690279006958,
        0.35837894678115845,
        0.4334101378917694,
        0.5956656336784363,
        0.6942552924156189,
        0.6723340749740601,
        0.3074933886528015,
        0.5376735329627991,
        0.6190279126167297,
        0.841797947883606,
        0.6961538195610046,
        0.2398385852575302,
        0.19742077589035034,
        0.27419352531433105,
        0.29716798663139343,
        0.3422658145427704,
        0.374717116355896,
        0.23202696442604065,
        1.1055757999420166,
        0.9473515748977661,
        0.6716777682304382,
        0.7347835898399353,
        0.40300482511520386,
        0.32905352115631104,
        0.6392571330070496,
        0.5904486179351807,
        0.5833020210266113,
        0.49869266152381897,
        0.420743465423584,
        0.35004010796546936,
        0.27755221724510193,
        0.2672412097454071,
        0.335997074842453,
        0.4932705760002136,
        0.6542508602142334,
        0.7717097997665405,
        0.6571549773216248,
        0.3676455020904541,
        0.31211763620376587,
        0.27809855341911316,
        0.21881075203418732,
        0.16468384861946106,
        0.2618831694126129,
        0.2740465998649597,
        0.2491120994091034,
        0.16534075140953064,
        0.18960443139076233,
        0.4980294108390808,
        0.6024363040924072,
        0.6058666706085205,
        0.41479024291038513,
        0.3101699650287628
    ],
    "fold3": [
        0.6939074397087097,
        0.6950660347938538,
        0.6960092782974243,
        0.6963726282119751,
        0.6953529119491577,
        0.6915236711502075,
        0.682861864566803,
        0.6495451331138611,
        0.599044680595398,
        0.7491778135299683,
        0.874671459197998,
        0.9829002618789673,
        1.0805199146270752,
        1.1796925067901611,
        1.278011679649353,
        1.2197426557540894,
        1.1917688846588135,
        1.1990554332733154,
        1.154811978340149,
        1.3600202798843384,
        1.4412811994552612,
        1.440807819366455,
        1.5090523958206177,
        1.5956684350967407,
        1.4082950353622437,
        1.773956298828125,
        1.6949900388717651,
        1.7900524139404297,
        1.5456571578979492,
        1.4665095806121826,
        1.7664871215820312,
        1.4818912744522095,
        0.9287227988243103,
        0.9101495742797852,
        1.6377034187316895,
        1.9556785821914673,
        1.7933892011642456,
        0.3034800887107849,
        0.20266342163085938,
        1.641411304473877,
        1.769783854484558,
        0.1740027815103531,
        0.17285285890102386,
        1.0988322496414185,
        0.4996977150440216,
        0.4992416501045227,
        0.23702473938465118,
        0.14200623333454132,
        0.12502384185791016,
        0.20461349189281464,
        0.17910979688167572,
        0.21010002493858337,
        0.18813049793243408,
        0.1638363152742386,
        0.2969455420970917,
        1.7859842777252197,
        2.321528911590576,
        1.46503484249115,
        0.13429836928844452,
        0.13056938350200653,
        0.6763341426849365,
        2.3967368602752686,
        2.0891404151916504,
        0.19824068248271942,
        0.3433380722999573,
        0.4259853661060333,
        0.11788255721330643,
        0.22374504804611206,
        2.3785226345062256,
        1.2652567625045776,
        1.6362920999526978,
        0.1171305924654007,
        0.43215039372444153,
        0.16579298675060272,
        0.22397173941135406,
        0.17766843736171722,
        0.13617560267448425,
        0.11023659259080887,
        0.11375384777784348,
        0.3144504725933075
    ],