{
    "fold1": [
        2.3831449151039124,
        2.1940978169441223,
        2.1451565623283386,
        2.1127753853797913,
        2.0819952487945557,
        2.0607678294181824,
        2.02547287940979,
        1.9833333492279053,
        1.8981274366378784,
        1.8047161102294922,
        1.6951974630355835,
        1.586076259613037,
        1.4854101836681366,
        1.3873323798179626,
        1.283711463212967,
        1.1817774176597595,
        1.0960630774497986,
        1.023950308561325,
        0.9423315227031708,
        0.8645229041576385,
        0.8069733679294586,
        0.7455467134714127,
        0.6921850889921188,
        0.6512052118778229,
        0.5935136824846268,
        0.5664389580488205,
        0.5275166630744934,
        0.5073954612016678,
        0.47426359355449677,
        0.4471178948879242,
        0.42866383492946625,
        0.4011912941932678,
        0.38241400569677353,
        0.37274269759655,
        0.3544967994093895,
        0.34412524104118347,
        0.3300120681524277,
        0.3163677081465721,
        0.309874065220356,
        0.2931351065635681,
        0.282443605363369,
        0.2721490412950516,
        0.2644142284989357,
        0.25211136788129807,
        0.24724728614091873,
        0.2357671558856964,
        0.22911971807479858,
        0.22182700783014297,
        0.21616357564926147,
        0.20626948773860931,
        0.19906111806631088,
        0.19925598800182343,
        0.18885191529989243,
        0.1879500411450863,
        0.18523365259170532,
        0.17592523247003555,
        0.17171545326709747,
        0.16952866688370705,
        0.16228488832712173,
        0.16326896473765373,
        0.15818969160318375,
        0.1553795114159584,
        0.14962895959615707,
        0.15911093726754189,
        0.15957774594426155,
        0.15361251682043076,
        0.16066714748740196,
        0.1480087786912918,
        0.14849775657057762,
        0.14241569116711617,
        0.1360810101032257,
        0.13095645979046822,
        0.13179520145058632,
        0.12963296100497246,
        0.12358394265174866,
        0.12588337436318398,
        0.12011655792593956,
        0.11906832829117775,
        0.11601642519235611,
        0.11293839663267136
    ],
    "fold2": [
        2.4755035042762756,
        2.309780180454254,
        2.201989233493805,
        2.125862956047058,
        2.057477056980133,
        1.9669041633605957,
        1.8908982276916504,
        1.7640395760536194,
        1.6675910949707031,
        1.548466444015503,
        1.4390011727809906,
        1.361778199672699,
        1.236005574464798,
        1.1656696498394012,
        1.0699531733989716,
        1.0006622970104218,
        0.9251957833766937,
        0.8497909903526306,
        0.7825334668159485,
        0.7307040244340897,
        0.6963112056255341,
        0.632952481508255,
        0.5976798385381699,
        0.5543916076421738,
        0.518528163433075,
        0.49985866248607635,
        0.4814366102218628,
        0.44891804456710815,
        0.42033015191555023,
        0.4036310166120529,
        0.39251455664634705,
        0.3620130866765976,
        0.35628675669431686,
        0.3364066183567047,
        0.31911519169807434,
        0.30867374688386917,
        0.2913323789834976,
        0.28806351870298386,
        0.2765665650367737,
        0.2521490156650543,
        0.25564469397068024,
        0.2514837384223938,
        0.24071796238422394,
        0.23081070184707642,
        0.225600466132164,
        0.2176491767168045,
        0.21474695950746536,
        0.21349792927503586,
        0.22190824151039124,
        0.22972147911787033,
        0.2640231028199196,
        0.23004567623138428,
        0.2118784412741661,
        0.1936655044555664,
        0.19658323749899864,
        0.18600138649344444,
        0.17713503912091255,
        0.1730957254767418,
        0.16730761528015137,
        0.1609770804643631,
        0.15375613793730736,
        0.1553572677075863,
        0.1465846672654152,
        0.14594048634171486,
        0.1460966244339943,
        0.14366819709539413,
        0.1397523432970047,
        0.13705579936504364,
        0.13536375388503075,
        0.13942556455731392,
        0.13028686866164207,
        0.12625189125537872,
        0.1261938437819481,
        0.1243639625608921,
        0.12305080890655518,
        0.12004049867391586,
        0.11651653423905373,
        0.1173422522842884,
        0.11490059643983841,
        0.11696422472596169
    ],
    "fold3": [
        2.426063120365143,
        2.2128178477287292,
        2.140531897544861,
        2.0991256833076477,
        2.055122494697571,
        2.0215065479278564,
        1.9513763785362244,
        1.8660762310028076,
        1.7949711680412292,
        1.7061076164245605,
        1.5987603664398193,
        1.4858474731445312,
        1.384768307209015,
        1.3047896325588226,
        1.2182936668395996,
        1.1416490972042084,
        1.0354497134685516,
        0.9547525942325592,
        0.9142305254936218,
        0.83791583776474,
        0.7580864578485489,
        0.7046347707509995,
        0.6549249440431595,
        0.6132907271385193,
        0.568403497338295,
        0.5394360572099686,
        0.5129024237394333,
        0.47702668607234955,
        0.4659983515739441,
        0.43738746643066406,
        0.4022675007581711,
        0.39725853502750397,
        0.38113243132829666,
        0.3662047013640404,
        0.33941254764795303,
        0.32867519557476044,
        0.3112530931830406,
        0.3096825107932091,
        0.29467642307281494,
        0.29217570275068283,
        0.2973971366882324,
        0.2757408544421196,
        0.267364539206028,
        0.25737255811691284,
        0.25749481469392776,
        0.24911001324653625,
        0.23941190540790558,
        0.235847607254982,
        0.21939365565776825,
        0.22436709702014923,
        0.2198873981833458,
        0.2098616063594818,
        0.20705080777406693,
        0.1983126625418663,
        0.20054760575294495,
        0.19218281656503677,
        0.2090434804558754,
        0.22277528047561646,
        0.20622608810663223,
        0.1941405050456524,
        0.1937963329255581,
        0.1874854825437069,
        0.17829616367816925,
        0.17373570054769516,
        0.16876963526010513,
        0.16484523564577103,
        0.15780791640281677,
        0.1593586504459381,
        0.1569298394024372,
        0.15266721323132515,
        0.14973579347133636,
        0.1443576067686081,
        0.14163913950324059,
        0.1396176554262638,
        0.13591717183589935,
        0.13487545773386955,
        0.1310483254492283,
        0.12991821765899658,
        0.12599141150712967,
        0.12395340949296951
    ],