{
    "fold1": [
        0.6937471032142639,
        0.6941878199577332,
        0.6943711638450623,
        0.6943944692611694,
        0.6943767666816711,
        0.6942317485809326,
        0.6935617923736572,
        0.6910939812660217,
        0.6923258304595947,
        0.7733834385871887,
        1.2040578126907349,
        1.2929768562316895,
        1.030016303062439,
        1.0008400678634644,
        0.9443885684013367,
        0.9258391857147217,
        0.7004258632659912,
        0.6670326590538025,
        0.5543817281723022,
        0.35652944445610046,
        0.33796241879463196,
        0.3328877091407776,
        0.2874309718608856,
        0.2650788724422455,
        0.3350367248058319,
        0.2872762680053711,
        0.25168561935424805,
        0.33530300855636597,
        0.6173121333122253,
        0.5142358541488647,
        0.18439844250679016,
        0.1681675761938095,
        0.20342862606048584,
        0.26163962483406067,
        0.2202475368976593,
        0.7658642530441284,
        0.22058862447738647,
        0.18110091984272003,
        0.1549442708492279,
        0.1488158106803894,
        0.14982861280441284,
        0.14402419328689575,
        0.23543573915958405,
        0.816962718963623,
        0.6125596761703491,
        0.6784237027168274,
        0.6862599849700928,
        0.6017963290214539,
        0.5221607089042664,
        0.4286409914493561,
        0.2165294587612152,
        0.15654674172401428,
        0.15643566846847534,
        0.13199485838413239,
        0.10070137679576874,
        0.1006259024143219,
        0.10765261948108673,
        0.11881458759307861,
        0.12788273394107819,
        0.21858732402324677,
        0.29921263456344604,
        0.3396207392215729,
        0.23762820661067963,
        1.678137183189392,
        0.4087471663951874,
        2.6993677616119385,
        1.4914319515228271,
        0.5754473805427551,
        0.979042649269104,
        0.6641169190406799,
        0.1364833265542984,
        0.09439337253570557,
        0.10721657425165176,
        0.2713465094566345,
        0.4054126739501953,
        0.3666130006313324,
        0.11074089258909225,
        0.10639046877622604,
        0.12067404389381409,
        0.12606115639209747
    ],
    "fold2": [
        0.6933215260505676,
        0.6935392618179321,
        0.6936221718788147,
        0.6935046315193176,
        0.6927666068077087,
        0.689721941947937,
        0.684390664100647,
        0.701140820980072,
        0.710777759552002,
        0.7239255309104919,
        0.7357260584831238,
        0.6739546656608582,
        0.5977244973182678,
        0.6080396771430969,
        0.7675199508666992,
        0.8507195711135864,
        2.2971975803375244,
        4.080544948577881,
        3.45894718170166,
        4.0390472412109375,
        2.0682687759399414,
        1.791619896888733,
        1.8559788465499878,
        1.5487604141235352,
        1.8197288513183594,
        3.177126169204712,
        8.074251174926758,
        4.276224136352539,
        2.626837968826294,
        3.8477988243103027,
        2.913015365600586,
        1.8787740468978882,
        2.15572190284729,
        2.084063768386841,
        2.1758358478546143,
        2.201007127761841,
        2.224440813064575,
        2.240734338760376,
        2.2057149410247803,
        2.2512660026550293,
        2.0871922969818115,
        2.1036832332611084,
        2.267777681350708,
        2.196192741394043,
        1.6508427858352661,
        0.4107549488544464,
        0.4821959137916565,
        1.9697167873382568,
        2.8059561252593994,
        2.0408878326416016,
        2.3149192333221436,
        2.4447920322418213,
        0.4689221680164337,
        0.2815374732017517,
        0.15548834204673767,
        0.28824397921562195,
        1.1934709548950195,
        1.500451683998108,
        2.073514938354492,
        2.399768590927124,
        2.414576292037964,
        2.0940701961517334,
        0.6392562985420227,
        0.15738366544246674,
        0.14376097917556763,
        0.19272920489311218,
        0.10360246151685715,
        0.11765414476394653,
        0.13367018103599548,
        0.131670281291008,
        0.14683762192726135,
        0.1549512892961502,
        0.12975730001926422,
        0.10954271256923676,
        0.11660394072532654,
        0.11853385716676712,
        0.12233054637908936,
        0.11598508805036545,
        0.11349822580814362,
        0.11107095330953598
    ],
    "fold3": [
        0.6938559412956238,
        0.6945064067840576,
        0.6948103904724121,
        0.6949602365493774,
        0.6950842142105103,
        0.6951842308044434,
        0.6948895454406738,
        0.6923871636390686,
        0.6850634813308716,
        0.6658585071563721,
        0.6402071714401245,
        0.5974789261817932,
        0.7060322165489197,
        0.5649932026863098,
        0.6428165435791016,
        0.5137412548065186,
        0.5499659776687622,
        0.6332125663757324,
        0.40670400857925415,
        0.34844306111335754,
        0.34360435605049133,
        0.4062560200691223,
        0.3700772225856781,
        0.3335255980491638,
        0.40982821583747864,
        0.29800787568092346,
        0.2096409648656845,
        0.27646884322166443,
        0.2291940450668335,
        0.2598760724067688,
        0.20180217921733856,
        0.36219632625579834,
        0.5088107585906982,
        0.19809436798095703,
        0.3035169839859009,
        0.1585591435432434,
        0.19625984132289886,
        0.2088572233915329,
        0.17272503674030304,
        0.2731168270111084,
        0.3768129050731659,
        0.8538339138031006,
        0.36575642228126526,
        0.22471587359905243,
        0.23979495465755463,
        0.32487115263938904,
        0.6929368376731873,
        0.5005183815956116,
        0.3618452548980713,
        0.2413838505744934,
        0.12420627474784851,
        0.101497583091259,
        0.20020057260990143,
        0.3496505916118622,
        0.2170829325914383,
        0.19515441358089447,
        1.9014134407043457,
        1.8215906620025635,
        2.0702929496765137,
        2.301551103591919,
        2.313236713409424,
        2.34112548828125,
        1.9241712093353271,
        0.6599025726318359,
        0.1721465289592743,
        0.12343847751617432,
        0.13773255050182343,
        0.15057659149169922,
        0.147271990776062,
        0.1418858766555786,
        0.14006170630455017,
        0.1403529793024063,
        0.13002854585647583,
        0.11635254323482513,
        0.12899167835712433,
        0.15720662474632263,
        0.1566210687160492,
        0.13103683292865753,
        0.10830405354499817,
        0.09445391595363617
    ],