{
    "fold1": [
        9.610631763935089,
        7.997316241264343,
        6.9463582038879395,
        5.986896097660065,
        4.990169107913971,
        4.120651483535767,
        3.3527048230171204,
        2.7666030526161194,
        2.3096088618040085,
        1.9579961895942688,
        1.730127990245819,
        1.586030751466751,
        1.4107140600681305,
        1.306281566619873,
        1.200388103723526,
        1.0470562055706978,
        0.9584079161286354,
        0.8839585483074188,
        0.804316021502018,
        0.7694373726844788,
        0.7277921885251999,
        0.6972413659095764,
        0.6368067637085915,
        0.6111012548208237,
        0.6197312958538532,
        0.6384081244468689,
        0.646551076322794,
        0.588810246437788,
        0.5411025062203407,
        0.5476439371705055,
        0.5172680839896202,
        0.490268774330616,
        0.45926280692219734,
        0.46846582740545273,
        0.4451448433101177,
        0.43172261118888855,
        0.40701527148485184,
        0.3993769958615303,
        0.40331941470503807,
        0.3770204819738865,
        0.3717915080487728,
        0.363080982118845,
        0.3595070093870163,
        0.3529728017747402,
        0.3523631729185581,
        0.35489385575056076,
        0.34681878983974457,
        0.336600661277771,
        0.32998044043779373,
        0.3199528679251671,
        0.31100720912218094,
        0.2986656092107296,
        0.2985405847430229,
        0.2940977420657873,
        0.36554505303502083,
        0.48729024827480316,
        0.43877267837524414,
        0.4335474856197834,
        0.4668269231915474,
        0.42231523618102074,
        0.37282757833600044,
        0.32474998384714127,
        0.3078745547682047,
        0.2978411763906479,
        0.29373419284820557,
        0.288400586694479,
        0.276392562314868,
        0.2702787574380636,
        0.2643015570938587,
        0.26203230395913124,
        0.2632597144693136,
        0.2615362163633108,
        0.259327644482255,
        0.25563516840338707,
        0.25149688869714737,
        0.25037352554500103,
        0.24657554179430008,
        0.24024718441069126,
        0.2395029552280903,
        0.23971609771251678
    ],
    "fold2": [
        8.777986526489258,
        7.2562432289123535,
        6.1211711168289185,
        4.888903558254242,
        3.8888045847415924,
        3.1156545281410217,
        2.546823263168335,
        2.134797766804695,
        1.8365359455347061,
        1.5931567400693893,
        1.44772569835186,
        1.2857103049755096,
        1.186428114771843,
        1.101806864142418,
        1.042108379304409,
        0.9637667760252953,
        0.9091449528932571,
        0.8509060516953468,
        0.7789534702897072,
        0.7234297767281532,
        0.699013814330101,
        0.6436987370252609,
        0.5980900526046753,
        0.5795792452991009,
        0.584871307015419,
        0.5709155909717083,
        0.5336857736110687,
        0.508716307580471,
        0.5219582207500935,
        0.5373911298811436,
        0.5200253166258335,
        0.49988915771245956,
        0.48499324917793274,
        0.45939040184020996,
        0.41757917031645775,
        0.40811140462756157,
        0.38650284707546234,
        0.3737768605351448,
        0.3570937365293503,
        0.3559810444712639,
        0.3450032100081444,
        0.3427845537662506,
        0.3312279023230076,
        0.3278289493173361,
        0.3234058562666178,
        0.312397800385952,
        0.31926124542951584,
        0.3994040731340647,
        0.4317631125450134,
        0.4012308530509472,
        0.3675745390355587,
        0.3672056049108505,
        0.3373779375106096,
        0.3170768581330776,
        0.3007047716528177,
        0.2947842665016651,
        0.2871089968830347,
        0.28445766121149063,
        0.2774227727204561,
        0.2750631719827652,
        0.26630639657378197,
        0.2652746643871069,
        0.25905681774020195,
        0.26158597879111767,
        0.25808205269277096,
        0.2574353739619255,
        0.2580008991062641,
        0.25566789135336876,
        0.24802071042358875,
        0.24155494011938572,
        0.244756069034338,
        0.24250654689967632,
        0.24636000208556652,
        0.24205604940652847,
        0.2370695360004902,
        0.23227976076304913,
        0.23495483584702015,
        0.23072356544435024,
        0.23734314553439617,
        0.23877321742475033
    ],
    "fold3": [
        8.710025906562805,
        7.344260513782501,
        6.5946298241615295,
        5.875250399112701,
        4.7956750094890594,
        3.7556925415992737,
        2.945374935865402,
        2.344940707087517,
        1.9688881486654282,
        1.6822088360786438,
        1.448230728507042,
        1.3473749905824661,
        1.1654271557927132,
        1.0065551176667213,
        0.899378664791584,
        0.8407871574163437,
        0.7755240723490715,
        0.742232508957386,
        0.6843077391386032,
        0.6992131471633911,
        0.642457902431488,
        0.647526029497385,
        0.6653907001018524,
        0.6183343417942524,
        0.6982177570462227,
        0.6043996177613735,
        0.5458494983613491,
        0.5396566614508629,
        0.5074872002005577,
        0.4661096893250942,
        0.4436464086174965,
        0.44324417039752007,
        0.429314948618412,
        0.4252089150249958,
        0.4043123908340931,
        0.3869244419038296,
        0.3866868205368519,
        0.47373614460229874,
        0.5059082135558128,
        0.43830737099051476,
        0.3970627784729004,
        0.3777492977678776,
        0.36433400213718414,
        0.34321046620607376,
        0.3341304361820221,
        0.3277467656880617,
        0.3256169557571411,
        0.31796633265912533,
        0.30636210553348064,
        0.32150687649846077,
        0.3662116266787052,
        0.36546131409704685,
        0.32982624880969524,
        0.31778009980916977,
        0.3102176543325186,
        0.2971086725592613,
        0.2857367340475321,
        0.28121512942016125,
        0.27912949584424496,
        0.27671838738024235,
        0.2693015839904547,
        0.2639525756239891,
        0.26552372239530087,
        0.2633011396974325,
        0.26057917438447475,
        0.25804067216813564,
        0.24869797751307487,
        0.24740487895905972,
        0.243636354804039,
        0.24872378632426262,
        0.2508927397429943,
        0.2448869589716196,
        0.23957333527505398,
        0.2390315867960453,
        0.24277600832283497,
        0.24181119725108147,
        0.25294370763003826,
        0.24003139324486256,
        0.23553971201181412,
        0.2308332584798336
    ],