{
    "fold1": [
        1.7922989130020142,
        1.5819337368011475,
        1.4760188460350037,
        1.31368488073349,
        1.046862244606018,
        0.9118485450744629,
        0.789368063211441,
        1.1856807470321655,
        0.6057976186275482,
        0.6121065318584442,
        0.682298868894577,
        0.83563631772995,
        1.9406059980392456,
        0.48104242980480194,
        0.4400206357240677,
        0.4193471819162369,
        0.28347818553447723,
        0.3640597462654114,
        0.8228911757469177,
        0.19989679753780365,
        0.41739673912525177,
        0.5068831443786621,
        0.5283314883708954,
        0.37653592228889465,
        3.560799241065979,
        0.9490338563919067,
        1.8994953036308289,
        0.6227003931999207,
        0.7997459471225739,
        2.761138677597046,
        0.49928417801856995,
        0.3034646809101105,
        0.9578698873519897,
        0.3387332111597061,
        0.13874033093452454,
        0.3029238432645798,
        0.47696977853775024,
        0.2813425213098526,
        0.5466629415750504,
        0.15677941590547562,
        0.15312688052654266,
        0.26875336468219757,
        0.44845424592494965,
        0.12728339061141014,
        0.14077815786004066,
        0.4072132110595703,
        0.13200591504573822,
        0.693894237279892,
        0.1399586722254753,
        0.1184464767575264,
        0.11131034046411514,
        0.11555987596511841,
        0.1349072903394699,
        0.20186708122491837,
        0.802111953496933,
        6.0216028690338135,
        4.290299415588379,
        0.4652901440858841,
        1.0449500381946564,
        0.5255773365497589,
        0.6603261530399323,
        0.6634206473827362,
        0.1551407240331173,
        0.21143434941768646,
        0.1755114644765854,
        0.25324761867523193,
        0.12312563136219978,
        0.24221280217170715,
        0.09903055429458618,
        0.09608947113156319,
        0.13415957614779472,
        0.09593686833977699,
        0.30959317088127136,
        0.09397890791296959,
        0.12101253867149353,
        0.09485707804560661,
        0.13091593980789185,
        0.10756901651620865,
        0.09948218241333961,
        0.11392530798912048
    ],
    "fold2": [
        1.5272270441055298,
        1.4219366908073425,
        1.310340404510498,
        1.1364487409591675,
        1.6345087885856628,
        1.950036108493805,
        1.2485405206680298,
        0.971079558134079,
        0.49030934274196625,
        1.7237334251403809,
        0.7773993015289307,
        0.43948061764240265,
        0.7330017983913422,
        2.4232356548309326,
        0.8981069326400757,
        2.674111485481262,
        1.30601567029953,
        2.6855098009109497,
        2.285526752471924,
        0.5350790321826935,
        2.771589159965515,
        2.5218088626861572,
        1.8954563736915588,
        1.1168149709701538,
        2.8785200119018555,
        1.666081726551056,
        3.3839402198791504,
        2.5529016256332397,
        0.5062740594148636,
        0.5292985141277313,
        3.583996534347534,
        0.3650592565536499,
        0.3196711540222168,
        1.9698760509490967,
        3.3408048152923584,
        2.9653199911117554,
        1.6009830236434937,
        0.15564262121915817,
        0.1950586885213852,
        0.15674767643213272,
        0.13150498270988464,
        0.12564846128225327,
        0.15717561542987823,
        0.11878960579633713,
        0.15885131061077118,
        0.19754895567893982,
        0.669790968298912,
        2.9963881969451904,
        0.42649534344673157,
        0.3337533622980118,
        0.6316853016614914,
        0.18109185993671417,
        0.2941821813583374,
        3.590455651283264,
        0.15408913418650627,
        0.09995457157492638,
        0.1038382314145565,
        0.09286583587527275,
        0.129218939691782,
        0.25060903280973434,
        0.15626178681850433,
        0.18102437257766724,
        0.3127134144306183,
        0.14828653633594513,
        0.3070923388004303,
        0.10458165034651756,
        0.1632521003484726,
        0.09684718400239944,
        0.15105977654457092,
        0.10838537663221359,
        0.09553864598274231,
        0.13101531565189362,
        1.820652425289154,
        0.35314077138900757,
        0.11838589236140251,
        0.1420474350452423,
        0.22506117075681686,
        0.227718748152256,
        0.1437249332666397,
        0.4512205868959427
    ],
    "fold3": [
        1.6715307235717773,
        1.4877742528915405,
        1.3816640973091125,
        1.254971206188202,
        1.4666776657104492,
        1.0543388724327087,
        1.7686892747879028,
        2.0818305015563965,
        1.7221034169197083,
        1.1426876187324524,
        1.1473397612571716,
        0.3848939388990402,
        0.43355782330036163,
        0.6683278232812881,
        0.2969696670770645,
        0.19156993925571442,
        0.3073180168867111,
        0.4735761135816574,
        0.2884349673986435,
        0.389794185757637,
        1.344119668006897,
        0.33195388317108154,
        0.42588797211647034,
        0.7972931563854218,
        0.24339521676301956,
        0.3038090243935585,
        0.33323250710964203,
        0.45099127292633057,
        0.7642591893672943,
        0.14925094693899155,
        0.24835413694381714,
        0.1692240983247757,
        0.18096933513879776,
        0.30683137476444244,
        0.22848957777023315,
        0.15296276658773422,
        1.7802044749259949,
        4.0782411098480225,
        0.19422728568315506,
        0.1822214350104332,
        0.27951063215732574,
        0.21825068444013596,
        0.2196919098496437,
        0.17820564657449722,
        0.23530230671167374,
        0.13131360337138176,
        0.17915164679288864,
        0.17216046899557114,
        0.16075820475816727,
        1.247556746006012,
        5.204516410827637,
        0.5266045928001404,
        0.6054637283086777,
        0.17760276794433594,
        0.19051746279001236,
        0.23929797112941742,
        0.128620695322752,
        0.13979453593492508,
        0.29293060302734375,
        0.12599923089146614,
        0.12966426834464073,
        0.1265043281018734,
        0.1889720857143402,
        0.10567781701683998,
        0.11567698419094086,
        0.10894593596458435,
        0.09896564111113548,
        0.09826227277517319,
        0.1100052259862423,
        0.30811384320259094,
        0.11303950101137161,
        0.29565954208374023,
        0.18639743328094482,
        0.20894140005111694,
        0.1723162978887558,
        0.11087900772690773,
        0.20750726014375687,
        0.1164616197347641,
        0.13412432372570038,
        0.12765629962086678
    ],