{
    "fold1": [
        3.196850597858429,
        2.9486887454986572,
        2.8031391501426697,
        2.6873472929000854,
        2.543479263782501,
        2.3595386743545532,
        2.166444718837738,
        2.009665012359619,
        1.8592107892036438,
        1.7000624239444733,
        1.565932273864746,
        1.4281862676143646,
        1.2919681668281555,
        1.2330017983913422,
        1.1180439293384552,
        1.049037754535675,
        0.9711046516895294,
        0.9062302261590958,
        0.8473548144102097,
        0.8110662251710892,
        0.7522852420806885,
        0.7252099961042404,
        0.685535654425621,
        0.6244401782751083,
        0.5986720621585846,
        0.5790935903787613,
        0.5530395805835724,
        0.5153162106871605,
        0.48081521689891815,
        0.4633423015475273,
        0.44187338650226593,
        0.4188209995627403,
        0.40811098366975784,
        0.3868623748421669,
        0.3806048110127449,
        0.36708131432533264,
        0.3573859855532646,
        0.34004028886556625,
        0.33185243606567383,
        0.31435760110616684
    ],
    "fold2": [
        3.3410544991493225,
        3.0063767433166504,
        2.8888009786605835,
        2.824735999107361,
        2.766971707344055,
        2.710633158683777,
        2.6348206400871277,
        2.5408872961997986,
        2.4487043619155884,
        2.3205875754356384,
        2.184044361114502,
        2.0529782474040985,
        1.932470589876175,
        1.8212830424308777,
        1.6990632116794586,
        1.6058205664157867,
        1.4825358986854553,
        1.4146285653114319,
        1.3294361233711243,
        1.265246570110321,
        1.1576403975486755,
        1.090908169746399,
        1.0110499262809753,
        0.9564413726329803,
        0.8929952681064606,
        0.840693011879921,
        0.80911585688591,
        0.8184913396835327,
        0.7637927979230881,
        0.742118164896965,
        0.6930620223283768,
        0.6417273879051208,
        0.6030355840921402,
        0.5887856781482697,
        0.5642233043909073,
        0.5445136725902557,
        0.5294135063886642,
        0.5002832338213921,
        0.47652463614940643,
        0.4656403809785843
    ],
    "fold3": [
        3.3324527740478516,
        2.959268569946289,
        2.7786189913749695,
        2.5717616081237793,
        2.3550707697868347,
        2.134252190589905,
        1.9963766932487488,
        1.83269864320755,
        1.7026544511318207,
        1.5759543180465698,
        1.4750600159168243,
        1.3643057644367218,
        1.2656017243862152,
        1.193410485982895,
        1.0950440764427185,
        1.0388810336589813,
        0.9470043778419495,
        0.9173770397901535,
        0.8772698640823364,
        0.8160954117774963,
        0.7819785475730896,
        0.7385159581899643,
        0.7012658566236496,
        0.6674965023994446,
        0.6519336700439453,
        0.6368203014135361,
        0.5978310704231262,
        0.5646692663431168,
        0.5624143928289413,
        0.5517044812440872,
        0.5125768408179283,
        0.4949784278869629,
        0.47187795490026474,
        0.44604406505823135,
        0.42963991314172745,
        0.41596299409866333,
        0.39397019147872925,
        0.39813145995140076,
        0.37416042387485504,
        0.36673013120889664
    ],
    "fold4": [
        3.4758421778678894,
        3.1595616936683655,
        2.995848774909973,
        2.861984968185425,
        2.7630158066749573,
        2.6590511202812195,
        2.5250890254974365,
        2.3569886088371277,
        2.2086312770843506,
        2.107479453086853,
        1.9423660337924957,
        1.7834157645702362,
        1.6277541518211365,
        1.501183807849884,
        1.3966108560562134,
        1.2839348912239075,
        1.2143852710723877,
        1.1093797981739044,
        1.0127814710140228,
        0.9573218375444412,
        0.9045056849718094,
        0.8247213810682297,
        0.7786090075969696,
        0.7428384572267532,
        0.7131538838148117,
        0.6564940512180328,
        0.6249141246080399,
        0.6142498552799225,
        0.5722402334213257,
        0.5379724353551865,
        0.5186961144208908,
        0.5063116177916527,
        0.4825252741575241,
        0.4651287794113159,
        0.46579571068286896,
        0.40908150374889374,
        0.406474232673645,
        0.4036160185933113,
        0.39360053837299347,
        0.377404548227787
    ],
    "fold5": [
        3.1765010952949524,
        2.8789587020874023,
        2.6910733580589294,
        2.4205875992774963,
        2.199701726436615,
        2.0233457386493683,
        1.8370916843414307,
        1.7220485508441925,
        1.6149128079414368,
        1.5048435926437378,
        1.4160242676734924,
        1.309354692697525,
        1.251642882823944,
        1.1467138230800629,
        1.1142234802246094,
        1.0728544890880585,
        0.9995884150266647,
        0.9339742660522461,
        0.8777742981910706,
        0.8697502166032791,
        0.812668576836586,
        0.7643417716026306,
        0.6959119737148285,
        0.6707769185304642,
        0.6500408798456192,
        0.6314767003059387,
        0.6101456433534622,
        0.5586262494325638,
        0.5471393764019012,
        0.5199163779616356,
        0.5121962204575539,
        0.482105053961277,
        0.45248229801654816,
        0.4536353275179863,
        0.4437704011797905,
        0.4257412627339363,
        0.40833480656147003,
        0.41457757353782654,
        0.4070640206336975,
        0.37915342301130295
    ]
}