{
    "fold1": [
        0.6937267184257507,
        0.6940746903419495,
        0.6944191455841064,
        0.695142924785614,
        0.6965137124061584,
        0.7008222937583923,
        0.7122332453727722,
        0.7327107787132263,
        0.7529177069664001,
        0.6592106223106384,
        0.54204261302948,
        0.5615794658660889,
        0.39538463950157166,
        0.35338515043258667,
        0.32695063948631287,
        0.27103620767593384,
        0.2496020793914795,
        0.2362932562828064,
        0.22577987611293793,
        0.22978955507278442,
        0.2112184315919876,
        0.21184349060058594,
        0.2006148099899292,
        0.18918485939502716,
        0.17823058366775513,
        0.17110931873321533,
        0.18856127560138702,
        0.164230078458786,
        0.15384414792060852,
        0.1546899825334549,
        0.1413961499929428,
        0.1384253352880478,
        0.14154115319252014,
        0.15398797392845154,
        0.1647113561630249,
        0.14918683469295502,
        0.14997899532318115,
        0.1394473761320114,
        0.14015460014343262,
        0.13191042840480804
    ],
    "fold2": [
        0.6935809850692749,
        0.6941614747047424,
        0.6941502690315247,
        0.6936372518539429,
        0.6928211450576782,
        0.6916305422782898,
        0.6821691393852234,
        0.6558560729026794,
        0.6268295049667358,
        0.585861086845398,
        0.5528165102005005,
        0.5176913738250732,
        0.4946577548980713,
        0.4469033479690552,
        0.4089926481246948,
        0.37364062666893005,
        0.3387032747268677,
        0.3336166441440582,
        0.34361955523490906,
        0.3102804720401764,
        0.29131966829299927,
        0.26212337613105774,
        0.24983929097652435,
        0.23235638439655304,
        0.21755671501159668,
        0.20433343946933746,
        0.20108404755592346,
        0.1937677413225174,
        0.19134452939033508,
        0.20154476165771484,
        0.18485966324806213,
        0.18173375725746155,
        0.16868291795253754,
        0.16110989451408386,
        0.16327671706676483,
        0.153628408908844,
        0.15585114061832428,
        0.14672300219535828,
        0.14683711528778076,
        0.14934058487415314
    ],
    "fold3": [
        0.6935478448867798,
        0.6939054131507874,
        0.6936629414558411,
        0.6915799379348755,
        0.6821566224098206,
        0.6658145785331726,
        0.6332327127456665,
        0.6053168177604675,
        0.614174485206604,
        0.6492917537689209,
        0.47533831000328064,
        0.4171946942806244,
        0.3523421883583069,
        0.3281506299972534,
        0.38711634278297424,
        0.36150649189949036,
        0.2835046947002411,
        0.21290548145771027,
        0.23110894858837128,
        0.22038258612155914,
        0.21632470190525055,
        0.20328274369239807,
        0.21769540011882782,
        0.2002539485692978,
        0.21163176000118256,
        0.16099144518375397,
        0.1493481546640396,
        0.1726313978433609,
        0.15673673152923584,
        0.15092132985591888,
        0.15042385458946228,
        0.23434333503246307,
        0.13348808884620667,
        0.13576020300388336,
        0.137275829911232,
        0.1379920095205307,
        0.11737269163131714,
        0.11697449535131454,
        0.11454334855079651,
        0.12221738696098328
    ],
    "fold4": [
        0.6942262053489685,
        0.694050669670105,
        0.6940330266952515,
        0.6940139532089233,
        0.693830132484436,
        0.6938968896865845,
        0.6942991614341736,
        0.6835142970085144,
        0.628318727016449,
        0.5721464157104492,
        0.5257773995399475,
        0.4779229164123535,
        0.42478352785110474,
        0.3583742678165436,
        0.3240078091621399,
        0.2993089556694031,
        0.27648285031318665,
        0.28127849102020264,
        0.2495487630367279,
        0.23062515258789062,
        0.22057615220546722,
        0.20366670191287994,
        0.18875087797641754,
        0.1845574527978897,
        0.18411141633987427,
        0.1826476901769638,
        0.1819487065076828,
        0.15744319558143616,
        0.15717706084251404,
        0.1531880795955658,
        0.16043485701084137,
        0.14744623005390167,
        0.1443730890750885,
        0.12919889390468597,
        0.1384529322385788,
        0.13580864667892456,
        0.130766361951828,
        0.13231559097766876,
        0.1461537927389145,
        0.12231415510177612
    ],
    "fold5": [
        0.6946911215782166,
        0.696711003780365,
        0.6993783116340637,
        0.7026124596595764,
        0.7031236886978149,
        0.7155702114105225,
        0.7322356700897217,
        0.7265759110450745,
        0.719062864780426,
        0.6009794473648071,
        0.5449977517127991,
        0.4538659453392029,
        0.3969784379005432,
        0.3132442831993103,
        0.33247318863868713,
        0.309636652469635,
        0.3072011470794678,
        0.2940462529659271,
        0.22983935475349426,
        0.21743609011173248,
        0.2311386615037918,
        0.207094207406044,
        0.22470784187316895,
        0.18730255961418152,
        0.19665731489658356,
        0.22876347601413727,
        0.17398707568645477,
        0.22443422675132751,
        0.1555461883544922,
        0.22712381184101105,
        0.16301439702510834,
        0.18140245974063873,
        0.15480546653270721,
        0.12621347606182098,
        0.18767230212688446,
        0.1351451575756073,
        0.1432957500219345,
        0.1346561163663864,
        0.12376970797777176,
        0.1412731409072876
    ]
}