{
    "fold1": [
        3.2308812737464905,
        2.8929341435432434,
        2.652170240879059,
        2.507014811038971,
        2.3627321124076843,
        2.196169137954712,
        2.069334864616394,
        1.9544774293899536,
        1.8526186048984528,
        1.7628367245197296,
        1.6613720655441284,
        1.5791022181510925,
        1.5102985501289368,
        1.4202374517917633,
        1.3681992888450623,
        1.2565883100032806,
        1.1979832351207733,
        1.117278903722763,
        1.056487962603569,
        0.9867716431617737,
        0.9703513830900192,
        0.9259079247713089,
        0.8672953099012375,
        0.8276191204786301,
        0.7895718067884445,
        0.7694300413131714,
        0.7164262533187866,
        0.6749330461025238,
        0.6334786117076874,
        0.6038102209568024,
        0.5881096571683884,
        0.5827053263783455,
        0.5426200181245804,
        0.5267748758196831,
        0.5087449699640274,
        0.4990507438778877,
        0.4772737845778465,
        0.48026327043771744,
        0.4532182514667511,
        0.44659658521413803,
        0.43747439980506897,
        0.4072359725832939,
        0.4005703628063202,
        0.38466474413871765,
        0.366616927087307,
        0.3637128621339798,
        0.35691921412944794,
        0.3504132702946663,
        0.3405130207538605,
        0.32964881509542465,
        0.31617848575115204,
        0.3126012831926346,
        0.30910368263721466,
        0.3111868053674698,
        0.2964456230401993,
        0.29521041363477707,
        0.28842026740312576,
        0.2780398614704609,
        0.2716635540127754,
        0.2627653256058693,
        0.2568560913205147,
        0.2490026019513607,
        0.24926770851016045,
        0.23739434406161308,
        0.23352184891700745,
        0.23661640286445618,
        0.2284465953707695,
        0.22435778006911278,
        0.2240486443042755,
        0.23217881843447685,
        0.22117850929498672,
        0.22641436755657196,
        0.2103186957538128,
        0.20793352276086807,
        0.2070753462612629,
        0.20257186889648438,
        0.20065170899033546,
        0.1848655454814434,
        0.19495969265699387,
        0.18555492535233498
    ],
    "fold2": [
        3.080721855163574,
        2.826069176197052,
        2.6158379316329956,
        2.396843910217285,
        2.2302682995796204,
        2.057320386171341,
        1.9101442992687225,
        1.7879075407981873,
        1.6571028530597687,
        1.5607948005199432,
        1.4600785672664642,
        1.3582782745361328,
        1.2714316844940186,
        1.2013196647167206,
        1.167835533618927,
        1.0582568049430847,
        0.9990819990634918,
        0.9660134613513947,
        0.8923678398132324,
        0.8521726578474045,
        0.80375836789608,
        0.7666895091533661,
        0.708295002579689,
        0.6848041266202927,
        0.6528763175010681,
        0.6133162826299667,
        0.6068692058324814,
        0.611945629119873,
        0.5565170794725418,
        0.5514467433094978,
        0.5200844928622246,
        0.4834807440638542,
        0.46984998881816864,
        0.450419619679451,
        0.4320412874221802,
        0.4190721809864044,
        0.4124101772904396,
        0.3960755541920662,
        0.3741283118724823,
        0.36514580249786377,
        0.35529033094644547,
        0.346267431974411,
        0.34699900448322296,
        0.34617359936237335,
        0.3305111303925514,
        0.3196578472852707,
        0.31073587387800217,
        0.29429828375577927,
        0.28654663264751434,
        0.28091123700141907,
        0.2799397334456444,
        0.2702055275440216,
        0.26103756949305534,
        0.2559475116431713,
        0.24640555307269096,
        0.249308779835701,
        0.2396613210439682,
        0.23180963471531868,
        0.2310570627450943,
        0.22916286811232567,
        0.21588366851210594,
        0.21378182992339134,
        0.21495893225073814,
        0.20343267172574997,
        0.210320882499218,
        0.2043096087872982,
        0.19753164052963257,
        0.19215808436274529,
        0.18793925270438194,
        0.17906790971755981,
        0.17947231233119965,
        0.1782015822827816,
        0.17745712399482727,
        0.17646939307451248,
        0.16949474066495895,
        0.1695631705224514,
        0.17262562364339828,
        0.16077889129519463,
        0.15800919756293297,
        0.15696344897150993
    ],
    "fold3": [
        3.4921976923942566,
        3.136064648628235,
        2.8723208904266357,
        2.6586331129074097,
        2.464799702167511,
        2.305912971496582,
        2.146061062812805,
        1.9992460310459137,
        1.8605590462684631,
        1.7237139344215393,
        1.6117906868457794,
        1.5214822590351105,
        1.4432255029678345,
        1.3701606094837189,
        1.2688190639019012,
        1.1978803873062134,
        1.1505704522132874,
        1.0951637029647827,
        1.0304394662380219,
        0.9786590486764908,
        0.9300751239061356,
        0.9153165519237518,
        0.8652952164411545,
        0.8159201592206955,
        0.7885447889566422,
        0.7386394739151001,
        0.6956992745399475,
        0.6735546886920929,
        0.6416399329900742,
        0.6081395745277405,
        0.6196019053459167,
        0.5613875761628151,
        0.5462805479764938,
        0.5167320296168327,
        0.5069912150502205,
        0.4902873560786247,
        0.4839596822857857,
        0.44039788097143173,
        0.4393349811434746,
        0.4317613020539284,
        0.406988687813282,
        0.39010342210531235,
        0.38292280584573746,
        0.3654647096991539,
        0.3514166325330734,
        0.33762112259864807,
        0.33815475553274155,
        0.33269108086824417,
        0.3254705145955086,
        0.3170940577983856,
        0.29595472663640976,
        0.30450183898210526,
        0.29486048966646194,
        0.2996768057346344,
        0.28158706054091454,
        0.2813147082924843,
        0.27284954488277435,
        0.27656252682209015,
        0.25473422929644585,
        0.2665203660726547,
        0.27160851284861565,
        0.2742154784500599,
        0.2600534111261368,
        0.24766723066568375,
        0.2464515157043934,
        0.2302238680422306,
        0.22430790588259697,
        0.22046805918216705,
        0.21188634261488914,
        0.20815912634134293,
        0.2086820788681507,
        0.19748064130544662,
        0.19808143377304077,
        0.19968241825699806,
        0.19661324471235275,
        0.20178475975990295,
        0.19156212359666824,
        0.1852697841823101,
        0.17678410559892654,
        0.1771150939166546
    ],