{
    "fold1": [
        0.6932530403137207,
        0.6917226910591125,
        0.6908086538314819,
        0.6897945404052734,
        0.6889945864677429,
        0.690608561038971,
        0.6923856139183044,
        0.6611624360084534,
        0.5719308853149414,
        0.5340115427970886,
        0.470501184463501,
        0.42982837557792664,
        0.40840694308280945,
        0.39692503213882446,
        0.3279707133769989,
        0.34163209795951843,
        0.3021290600299835,
        0.26877090334892273,
        0.25550776720046997,
        0.24264836311340332,
        0.23230187594890594,
        0.21753522753715515,
        0.23293283581733704,
        0.19858808815479279,
        0.19645258784294128,
        0.19491137564182281,
        0.19962076842784882,
        0.20029065012931824,
        0.24368806183338165,
        0.2102605551481247,
        0.22677627205848694,
        0.1985836625099182,
        0.1571751832962036,
        0.1587803214788437,
        0.1546301692724228,
        0.1410994976758957,
        0.16232113540172577,
        0.14823201298713684,
        0.14095757901668549,
        0.13740481436252594,
        0.19013401865959167,
        0.34052830934524536,
        0.14532378315925598,
        0.13997067511081696,
        0.1357254832983017,
        0.1447756141424179,
        0.1767996847629547,
        0.14483831822872162,
        0.1580342948436737,
        0.14761771261692047,
        0.13160255551338196,
        0.13816849887371063,
        0.13653670251369476,
        0.17109400033950806,
        0.13052743673324585,
        0.11595528572797775,
        0.145907923579216,
        0.17903630435466766,
        0.13934923708438873,
        0.19081391394138336,
        0.3385251760482788,
        0.18801327049732208,
        0.126630038022995,
        0.12365385890007019,
        0.2566112279891968,
        0.14541228115558624,
        0.1185443326830864,
        0.12632513046264648,
        0.11530433595180511,
        0.1088799461722374,
        0.18178322911262512,
        0.13534727692604065,
        0.13957563042640686,
        0.13074149191379547,
        0.11097032576799393,
        0.12614190578460693,
        0.11990097910165787,
        0.20239274203777313,
        0.15790638327598572,
        0.10416822880506516
    ],
    "fold2": [
        0.6938068270683289,
        0.6933947801589966,
        0.6926155090332031,
        0.6912665963172913,
        0.6894533038139343,
        0.6946141123771667,
        0.7046405673027039,
        0.7204105257987976,
        0.7070944309234619,
        0.5863686203956604,
        0.5147189497947693,
        0.46838676929473877,
        0.436658650636673,
        0.4067862629890442,
        0.35024285316467285,
        0.3568558394908905,
        0.2906118631362915,
        0.4225665330886841,
        0.28526678681373596,
        0.27079537510871887,
        0.21857742965221405,
        0.24707071483135223,
        0.26930373907089233,
        0.20666225254535675,
        0.22929994761943817,
        0.19611918926239014,
        0.242941752076149,
        0.2401735633611679,
        0.23820176720619202,
        0.22970335185527802,
        0.23888936638832092,
        0.16615372896194458,
        0.19328121840953827,
        0.174873948097229,
        0.2060834914445877,
        0.19902196526527405,
        0.22033841907978058,
        0.19896794855594635,
        0.19388100504875183,
        0.15746158361434937,
        0.15807661414146423,
        0.1445322185754776,
        0.25271883606910706,
        0.24448247253894806,
        0.1330445408821106,
        0.22200877964496613,
        0.1545579582452774,
        0.1486799120903015,
        0.15583254396915436,
        0.1627761423587799,
        0.20767009258270264,
        0.15856093168258667,
        0.13034754991531372,
        0.11678221821784973,
        0.17764896154403687,
        0.14324747025966644,
        0.12749679386615753,
        0.1628311723470688,
        0.15417242050170898,
        0.14404214918613434,
        0.15279611945152283,
        0.15436825156211853,
        0.16847771406173706,
        0.20848262310028076,
        0.2856903374195099,
        0.3217603862285614,
        0.17121921479701996,
        0.17731812596321106,
        0.1710057258605957,
        0.19021020829677582,
        0.26346033811569214,
        0.19845324754714966,
        0.129806786775589,
        0.20475520193576813,
        0.25445863604545593,
        0.23667429387569427,
        0.18651734292507172,
        0.17291048169136047,
        0.14737056195735931,
        0.16270184516906738
    ],
    "fold3": [
        0.6931040287017822,
        0.6939736008644104,
        0.6946030855178833,
        0.6955147385597229,
        0.6996488571166992,
        0.7030036449432373,
        0.6354680061340332,
        0.5673186779022217,
        0.4951503574848175,
        0.4488154351711273,
        0.43493133783340454,
        0.381765216588974,
        0.3574266731739044,
        0.32855454087257385,
        0.3192867934703827,
        0.35589203238487244,
        0.33581387996673584,
        0.25995808839797974,
        0.2410656064748764,
        0.252861887216568,
        0.2517358362674713,
        0.21169964969158173,
        0.2269330620765686,
        0.24027661979198456,
        0.19954882562160492,
        0.18211141228675842,
        0.23001979291439056,
        0.22980228066444397,
        0.15953627228736877,
        0.16829229891300201,
        0.14818508923053741,
        0.15692701935768127,
        0.14586083590984344,
        0.1363021582365036,
        0.13573773205280304,
        0.14257073402404785,
        0.13274213671684265,
        0.12773719429969788,
        0.13313527405261993,
        0.1388515681028366,
        0.11844509840011597,
        0.12422875314950943,
        0.12066745012998581,
        0.11587462574243546,
        0.10677214711904526,
        0.10502307862043381,
        0.11326716095209122,
        0.11449727416038513,
        0.10625791549682617,
        0.11953627318143845,
        0.12182645499706268,
        0.13213269412517548,
        0.11849886924028397,
        0.12376836687326431,
        0.1510976254940033,
        0.10367973893880844,
        0.10808329284191132,
        0.10796859115362167,
        0.11837315559387207,
        0.1356297731399536,
        0.10787543654441833,
        0.09996756911277771,
        0.10728569328784943,
        0.11005277931690216,
        0.11837653070688248,
        0.09944301843643188,
        0.09409038722515106,
        0.09344666451215744,
        0.1020188182592392,
        0.11611559242010117,
        0.10328606516122818,
        0.08623917400836945,
        0.08801315724849701,
        0.10706841200590134,
        0.08741512894630432,
        0.08302667737007141,
        0.083814337849617,
        0.08659680187702179,
        0.1044372096657753,
        0.09233167767524719
    ],