{
    "fold1": [
        3.3376177549362183,
        2.9311805367469788,
        2.722423791885376,
        2.580608904361725,
        2.445508301258087,
        2.303534150123596,
        2.2059893012046814,
        2.0960869789123535,
        2.0003985464572906,
        1.9072437286376953,
        1.8127990067005157,
        1.7464998066425323,
        1.665582686662674,
        1.5780214667320251,
        1.5176187753677368,
        1.469925731420517,
        1.4093948900699615,
        1.3591480255126953,
        1.3025413751602173,
        1.2151375114917755,
        1.170617252588272,
        1.119657576084137,
        1.0643919110298157,
        1.0247956663370132,
        1.0004131495952606,
        0.9880107939243317,
        0.9307908117771149,
        0.8900328725576401,
        0.8614787459373474,
        0.838788703083992,
        0.8011800348758698,
        0.7773634046316147,
        0.7663683593273163,
        0.7335094511508942,
        0.6964991092681885,
        0.681967094540596,
        0.6478661000728607,
        0.6279368251562119,
        0.6071416884660721,
        0.5883003026247025,
        0.5933082848787308,
        0.5756823867559433,
        0.5431053787469864,
        0.5340136289596558,
        0.5235714912414551,
        0.5060081630945206,
        0.5033617168664932,
        0.4804234206676483,
        0.45981504768133163,
        0.4504171460866928,
        0.4463967904448509,
        0.4396112263202667,
        0.4134661629796028,
        0.39910804480314255,
        0.3807917982339859,
        0.36774854362010956,
        0.37458087503910065,
        0.36007022112607956,
        0.3521760478615761,
        0.35859615355730057,
        0.35474930703639984,
        0.37825924158096313,
        0.3383449465036392,
        0.3533210754394531,
        0.3267735689878464,
        0.3182707577943802,
        0.3162546306848526,
        0.334851399064064,
        0.31792621314525604,
        0.3049764484167099,
        0.3167863115668297,
        0.3123263940215111,
        0.29715193808078766,
        0.2699783891439438,
        0.27167724817991257,
        0.2751314416527748,
        0.2543994225561619,
        0.2513548955321312,
        0.2528880275785923,
        0.24636267870664597
    ],
    "fold2": [
        3.5695953369140625,
        3.1386601328849792,
        2.759120762348175,
        2.5359378457069397,
        2.360578179359436,
        2.172166407108307,
        2.0175244510173798,
        1.8461714684963226,
        1.7365532517433167,
        1.5985589921474457,
        1.5191567540168762,
        1.4354006052017212,
        1.3169236183166504,
        1.2672941088676453,
        1.189873844385147,
        1.1585387587547302,
        1.050094872713089,
        0.9522739350795746,
        0.8738420307636261,
        0.7968901842832565,
        0.7382638603448868,
        0.6800199747085571,
        0.6760037839412689,
        0.6277171224355698,
        0.5703887939453125,
        0.5540682971477509,
        0.5329748168587685,
        0.5167506262660027,
        0.4781123846769333,
        0.46693459898233414,
        0.46160584688186646,
        0.44644901901483536,
        0.40932944416999817,
        0.4421944096684456,
        0.40150851011276245,
        0.3951708823442459,
        0.35887618362903595,
        0.34574082493782043,
        0.3319754973053932,
        0.32454293221235275,
        0.341062992811203,
        0.3152529001235962,
        0.3118586465716362,
        0.2998444065451622,
        0.29598067700862885,
        0.27921508997678757,
        0.27490055933594704,
        0.26793260499835014,
        0.25983402505517006,
        0.2552287019789219,
        0.24476668611168861,
        0.24620600789785385,
        0.24209285527467728,
        0.25640764087438583,
        0.2374444268643856,
        0.2367810532450676,
        0.23011037707328796,
        0.2273036502301693,
        0.2179766707122326,
        0.2150367572903633,
        0.20659711584448814,
        0.20224576815962791,
        0.2005799598991871,
        0.20177428796887398,
        0.19641907513141632,
        0.19155278429389,
        0.20631688833236694,
        0.19303102791309357,
        0.18619928508996964,
        0.18021857738494873,
        0.1772596463561058,
        0.18665054067969322,
        0.17799345031380653,
        0.17446326836943626,
        0.1750136837363243,
        0.16950570419430733,
        0.161972563713789,
        0.15841833129525185,
        0.16876039654016495,
        0.15812689065933228
    ],
    "fold3": [
        3.1552180647850037,
        2.884179711341858,
        2.665892720222473,
        2.4607340693473816,
        2.2702455520629883,
        2.112627148628235,
        1.96883162856102,
        1.8312642872333527,
        1.712899625301361,
        1.6142853200435638,
        1.511965423822403,
        1.436499297618866,
        1.3440265357494354,
        1.2519961297512054,
        1.2068817913532257,
        1.1196426451206207,
        1.0535739213228226,
        0.9931135177612305,
        0.9383024126291275,
        0.8716469556093216,
        0.8128357082605362,
        0.7874584496021271,
        0.7615264505147934,
        0.7109746932983398,
        0.694109246134758,
        0.6353815197944641,
        0.5977876484394073,
        0.5664716809988022,
        0.5453448295593262,
        0.5465129762887955,
        0.5107424110174179,
        0.46840900182724,
        0.45357683300971985,
        0.4448918104171753,
        0.4312060847878456,
        0.40371546149253845,
        0.39432503283023834,
        0.3792113810777664,
        0.3698040544986725,
        0.35649097710847855,
        0.3511178195476532,
        0.33661095798015594,
        0.32496774196624756,
        0.3139231726527214,
        0.3053828701376915,
        0.301273375749588,
        0.2967264652252197,
        0.2941569462418556,
        0.27586743980646133,
        0.2635222002863884,
        0.2553492411971092,
        0.26143960282206535,
        0.25193676725029945,
        0.2527798190712929,
        0.25258205458521843,
        0.26059770584106445,
        0.23388845473527908,
        0.23825542628765106,
        0.2368864230811596,
        0.22832996770739555,
        0.22906317189335823,
        0.22455305978655815,
        0.2179127000272274,
        0.21137770265340805,
        0.2017444111406803,
        0.2096540443599224,
        0.2099747434258461,
        0.19995875656604767,
        0.20632998645305634,
        0.19345151260495186,
        0.19028689339756966,
        0.1848089061677456,
        0.17858711257576942,
        0.18391140177845955,
        0.1756141185760498,
        0.16774260997772217,
        0.1646854169666767,
        0.17333640530705452,
        0.16368113830685616,
        0.16504096239805222
    ],