{
    "fold1": [
        0.6972389817237854,
        0.6988110542297363,
        0.6984567046165466,
        0.6957797408103943,
        0.6911178827285767,
        0.6790218353271484,
        0.6497907638549805,
        0.5920253992080688,
        0.5435135364532471,
        0.5104001760482788,
        0.46524176001548767,
        0.43579724431037903,
        0.4066782593727112,
        0.38876184821128845,
        0.37022697925567627,
        0.36712634563446045,
        0.3463333547115326,
        0.3424767851829529,
        0.3222133219242096,
        0.3116613030433655,
        0.29632580280303955,
        0.2907438576221466,
        0.2830389440059662,
        0.27873823046684265,
        0.26076892018318176,
        0.2630991041660309,
        0.24443873763084412,
        0.23506836593151093,
        0.24549713730812073,
        0.23452478647232056,
        0.22575068473815918,
        0.21988578140735626,
        0.19225658476352692,
        0.20160813629627228,
        0.1899874359369278,
        0.1839575171470642,
        0.17847482860088348,
        0.17221924662590027,
        0.1758195161819458,
        0.1669241189956665,
        0.1732671707868576,
        0.169585183262825,
        0.17004384100437164,
        0.17349009215831757,
        0.16865304112434387,
        0.16152262687683105,
        0.13506750762462616,
        0.14805400371551514,
        0.14597339928150177,
        0.14048267900943756,
        0.12628686428070068,
        0.1412593275308609,
        0.14159677922725677,
        0.12640592455863953,
        0.1245952919125557,
        0.1297541856765747,
        0.12029541283845901,
        0.12291410565376282,
        0.1230187639594078,
        0.11500532180070877,
        0.12584759294986725,
        0.11623165011405945,
        0.11541690677404404,
        0.12582919001579285,
        0.12716495990753174,
        0.11184345185756683,
        0.11257721483707428,
        0.12623584270477295,
        0.12553386390209198,
        0.11020050942897797,
        0.12460499256849289,
        0.11024779826402664,
        0.10535729676485062,
        0.10281074047088623,
        0.10649704933166504,
        0.11519092321395874,
        0.09687827527523041,
        0.09626714140176773,
        0.10830742865800858,
        0.10125694423913956
    ],
    "fold2": [
        0.692631185054779,
        0.6928971409797668,
        0.6927866339683533,
        0.6926904320716858,
        0.6926964521408081,
        0.6904890537261963,
        0.6900466680526733,
        0.6436344981193542,
        0.5279926061630249,
        0.44601666927337646,
        0.4026401937007904,
        0.42185109853744507,
        0.36127081513404846,
        0.3428821563720703,
        0.289547324180603,
        0.29562315344810486,
        0.3579684793949127,
        0.2730168104171753,
        0.22223006188869476,
        0.22143469750881195,
        0.21109142899513245,
        0.2559308707714081,
        0.22802628576755524,
        0.21464112401008606,
        0.1887243390083313,
        0.17806456983089447,
        0.18261608481407166,
        0.17687174677848816,
        0.16192448139190674,
        0.14702244102954865,
        0.17147286236286163,
        0.17063353955745697,
        0.21363197267055511,
        0.14595499634742737,
        0.14013388752937317,
        0.15376253426074982,
        0.14335639774799347,
        0.13776879012584686,
        0.15363554656505585,
        0.14706718921661377,
        0.1234794557094574,
        0.13849249482154846,
        0.12459985166788101,
        0.13009113073349,
        0.12616869807243347,
        0.11335534602403641,
        0.11265517771244049,
        0.1390407532453537,
        0.11670910567045212,
        0.12647804617881775,
        0.11881767958402634,
        0.13311156630516052,
        0.1431192308664322,
        0.13307590782642365,
        0.13083386421203613,
        0.10770879685878754,
        0.10390583425760269,
        0.11365093290805817,
        0.10922113806009293,
        0.09631890058517456,
        0.10732512176036835,
        0.09954564273357391,
        0.12458376586437225,
        0.11029250919818878,
        0.10243178904056549,
        0.11513149738311768,
        0.0998154953122139,
        0.13831827044487,
        0.11511947959661484,
        0.11929138004779816,
        0.10957945883274078,
        0.09689772129058838,
        0.10718606412410736,
        0.12199517339468002,
        0.1089557334780693,
        0.09712816774845123,
        0.10002487152814865,
        0.11385610699653625,
        0.10309842228889465,
        0.11778856813907623
    ],
    "fold3": [
        0.6949417591094971,
        0.6961898803710938,
        0.6960450410842896,
        0.6954759359359741,
        0.6963121294975281,
        0.6987096071243286,
        0.7010183930397034,
        0.7002956867218018,
        0.6476127505302429,
        0.5885592103004456,
        0.49953970313072205,
        0.4320923089981079,
        0.40936458110809326,
        0.4203892648220062,
        0.30129119753837585,
        0.3510034680366516,
        0.29921385645866394,
        0.2824305295944214,
        0.36158886551856995,
        0.23044951260089874,
        0.2837770879268646,
        0.2668870985507965,
        0.2672707140445709,
        0.2419264018535614,
        0.19140519201755524,
        0.19526347517967224,
        0.17611385881900787,
        0.16952545940876007,
        0.16193971037864685,
        0.1647806167602539,
        0.16581331193447113,
        0.16661694645881653,
        0.1743936836719513,
        0.16581246256828308,
        0.1800706386566162,
        0.1419403851032257,
        0.1413731724023819,
        0.14063748717308044,
        0.15022778511047363,
        0.15018413960933685,
        0.15565712749958038,
        0.1386941820383072,
        0.1359720528125763,
        0.13542653620243073,
        0.1281365305185318,
        0.1470612734556198,
        0.16484706103801727,
        0.1352807730436325,
        0.13533644378185272,
        0.13592217862606049,
        0.12335215508937836,
        0.12061532586812973,
        0.12167759984731674,
        0.13447833061218262,
        0.1171225756406784,
        0.10893762856721878,
        0.13537845015525818,
        0.11222095042467117,
        0.12215573340654373,
        0.12579339742660522,
        0.12066172063350677,
        0.12140066921710968,
        0.10593022406101227,
        0.11351284384727478,
        0.12119412422180176,
        0.11122595518827438,
        0.11992418766021729,
        0.10935237258672714,
        0.10156325250864029,
        0.10304858535528183,
        0.10841906815767288,
        0.11021947115659714,
        0.11906342953443527,
        0.12301188707351685,
        0.12509503960609436,
        0.11167187243700027,
        0.11250310391187668,
        0.1290331780910492,
        0.13501177728176117,
        0.11822821199893951
    ],