{
    "fold1": [
        3.2129202485084534,
        2.9076784253120422,
        2.8064542412757874,
        2.7046682238578796,
        2.594726026058197,
        2.4615137577056885,
        2.316994845867157,
        2.1547061800956726,
        1.990672767162323,
        1.8763285875320435,
        1.6977086663246155,
        1.616607904434204,
        1.492894560098648,
        1.3780485391616821,
        1.288368433713913,
        1.195924460887909,
        1.1239378154277802,
        1.0389622151851654,
        0.9850242882966995,
        0.9494936913251877,
        0.9375249743461609,
        0.8665733486413956,
        0.8315389305353165,
        0.7555152475833893,
        0.7178137600421906,
        0.6848980784416199,
        0.6499881595373154,
        0.6015655696392059,
        0.5747877508401871,
        0.5554025918245316,
        0.5327056050300598,
        0.5141304284334183,
        0.5017555356025696,
        0.4791359305381775,
        0.46508239954710007,
        0.46962446719408035,
        0.4623405933380127,
        0.4251553490757942,
        0.3927532136440277,
        0.3825450465083122,
        0.4196344017982483,
        0.4110246077179909,
        0.3765909969806671,
        0.3754325732588768,
        0.36482615768909454,
        0.34107377380132675,
        0.3198700323700905,
        0.31678764522075653,
        0.3022637590765953,
        0.29589487612247467,
        0.29613523185253143,
        0.2969491705298424,
        0.27618812769651413,
        0.2868323028087616,
        0.2684072330594063,
        0.2598497159779072,
        0.251686654984951,
        0.24712393805384636,
        0.240211121737957,
        0.236937515437603,
        0.22527415677905083,
        0.22243038192391396,
        0.2164323478937149,
        0.21929578110575676,
        0.2120850346982479,
        0.20834291353821754,
        0.20391374453902245,
        0.19945793598890305,
        0.20529306679964066,
        0.2042643278837204,
        0.21559527143836021,
        0.19572917371988297,
        0.19366524368524551,
        0.182346623390913,
        0.18416478112339973,
        0.18037525936961174,
        0.18820631131529808,
        0.17957203462719917,
        0.17871857061982155,
        0.1776910424232483
    ],
    "fold2": [
        3.2099304795265198,
        2.9590810537338257,
        2.7871896624565125,
        2.593426764011383,
        2.3815543055534363,
        2.193543314933777,
        1.953097015619278,
        1.7710687220096588,
        1.573936939239502,
        1.3960776627063751,
        1.250089943408966,
        1.1601642370224,
        1.0674190819263458,
        0.9800094813108444,
        0.8990187644958496,
        0.854514941573143,
        0.7833550721406937,
        0.7157566696405411,
        0.6880776882171631,
        0.6382119953632355,
        0.6857102662324905,
        0.6311141401529312,
        0.6285635977983475,
        0.5807306468486786,
        0.5307202339172363,
        0.5090251788496971,
        0.46389339864254,
        0.4606083407998085,
        0.43758153915405273,
        0.4523983970284462,
        0.3895011618733406,
        0.39495059102773666,
        0.3997446969151497,
        0.4031185731291771,
        0.4155925586819649,
        0.3775382563471794,
        0.36515548825263977,
        0.33354564756155014,
        0.3347466513514519,
        0.3162608817219734,
        0.30481986701488495,
        0.29006560146808624,
        0.2951144576072693,
        0.2805919647216797,
        0.2736322954297066,
        0.2717466875910759,
        0.2706223428249359,
        0.2541029006242752,
        0.25100941583514214,
        0.24212928861379623,
        0.23919890820980072,
        0.2366822510957718,
        0.227515060454607,
        0.2284422218799591,
        0.2253699041903019,
        0.2220277078449726,
        0.21902693063020706,
        0.20906713977456093,
        0.2015179917216301,
        0.22111918404698372,
        0.20875348895788193,
        0.2136053517460823,
        0.1956281177699566,
        0.18263821676373482,
        0.19194527715444565,
        0.17275943607091904,
        0.1784837506711483,
        0.17334076762199402,
        0.17520521953701973,
        0.16814441233873367,
        0.16034046560525894,
        0.1660156063735485,
        0.1616147756576538,
        0.1609276793897152,
        0.15506918355822563,
        0.15398133546113968,
        0.15010255202651024,
        0.14921524748206139,
        0.15513455122709274,
        0.14537525177001953
    ],
    "fold3": [
        3.2957199811935425,
        2.894110083580017,
        2.692961096763611,
        2.504193663597107,
        2.3089972138404846,
        2.185055732727051,
        2.0692219734191895,
        1.9437102675437927,
        1.8322491645812988,
        1.7584726810455322,
        1.6616453230381012,
        1.5828029811382294,
        1.5289878845214844,
        1.4874069094657898,
        1.4076338112354279,
        1.3469058275222778,
        1.2823104560375214,
        1.204764723777771,
        1.1422620117664337,
        1.088765949010849,
        1.0358119308948517,
        0.9999128878116608,
        0.9710235446691513,
        0.9222435504198074,
        0.9003967493772507,
        0.8579711467027664,
        0.8293337523937225,
        0.8001852482557297,
        0.7519878000020981,
        0.7221325188875198,
        0.6995426714420319,
        0.6602254956960678,
        0.6311969608068466,
        0.6166916787624359,
        0.5720474123954773,
        0.5402312874794006,
        0.5422588735818863,
        0.534531980752945,
        0.5017452612519264,
        0.4898691698908806,
        0.4632919877767563,
        0.44099297374486923,
        0.44391240179538727,
        0.39574772864580154,
        0.4262433871626854,
        0.3936493918299675,
        0.37755052745342255,
        0.3581076115369797,
        0.34202488511800766,
        0.3324539139866829,
        0.3182109519839287,
        0.3119899183511734,
        0.3066854253411293,
        0.29876066744327545,
        0.2895582318305969,
        0.27866701781749725,
        0.2772287130355835,
        0.27129340916872025,
        0.2655458003282547,
        0.26309606432914734,
        0.26088326796889305,
        0.24680349230766296,
        0.24526455998420715,
        0.23349277302622795,
        0.2300790175795555,
        0.22234821692109108,
        0.2179131880402565,
        0.21334481239318848,
        0.21080077067017555,
        0.2064775601029396,
        0.2041919082403183,
        0.1943005733191967,
        0.19467632472515106,
        0.19768382236361504,
        0.21226837113499641,
        0.20796899497509003,
        0.20184467732906342,
        0.1949276067316532,
        0.19764185324311256,
        0.18757113814353943
    ],