{
    "fold1": [
        0.6922922134399414,
        0.6909134387969971,
        0.6892787218093872,
        0.6860884428024292,
        0.6805992722511292,
        0.6718984842300415,
        0.632732629776001,
        0.5730336308479309,
        0.5535809397697449,
        0.5141717195510864,
        0.4944455027580261,
        0.48192599415779114,
        0.41873493790626526,
        0.42137235403060913,
        0.41540536284446716,
        0.3474487066268921,
        0.3249000012874603,
        0.3444768488407135,
        0.35424137115478516,
        0.3236452639102936,
        0.2909722626209259,
        0.26804423332214355,
        0.2631728947162628,
        0.27251309156417847,
        0.2660340964794159,
        0.2910618484020233,
        0.25432682037353516,
        0.22809447348117828,
        0.20928804576396942,
        0.19982431828975677,
        0.20850792527198792,
        0.22879192233085632,
        0.23145104944705963,
        0.21411475539207458,
        0.2573695778846741,
        0.22594377398490906,
        0.22319671511650085,
        0.20088383555412292,
        0.22192730009555817,
        0.21534666419029236,
        0.23122067749500275,
        0.24308376014232635,
        0.22657674551010132,
        0.23424679040908813,
        0.24810689687728882,
        0.22262756526470184,
        0.21363574266433716,
        0.2498241662979126,
        0.2890448272228241,
        0.2856379747390747,
        0.23888303339481354,
        0.24315625429153442,
        0.25703710317611694,
        0.22365999221801758,
        0.19806306064128876,
        0.21149563789367676,
        0.24102920293807983,
        0.23172436654567719,
        0.2258225977420807,
        0.22474263608455658,
        0.21978123486042023,
        0.2253284901380539,
        0.21351677179336548,
        0.20913657546043396,
        0.23240002989768982,
        0.22547076642513275,
        0.20959880948066711,
        0.22294653952121735,
        0.21383441984653473,
        0.2262112945318222,
        0.23069559037685394,
        0.2371974140405655,
        0.24225129187107086,
        0.2399042546749115,
        0.22484704852104187,
        0.2509758174419403,
        0.29753124713897705,
        0.28333795070648193,
        0.28859955072402954,
        0.29103222489356995
    ],
    "fold2": [
        0.6823387145996094,
        0.6797560453414917,
        0.6792172193527222,
        0.6774942278862,
        0.6698297262191772,
        0.6490513682365417,
        0.5747465491294861,
        0.5969042778015137,
        0.6454195976257324,
        0.5570355653762817,
        0.5578673481941223,
        0.5175276398658752,
        0.5004767179489136,
        0.45547613501548767,
        0.31160858273506165,
        0.2945796847343445,
        0.2462310791015625,
        0.23853188753128052,
        0.41792187094688416,
        0.3926480710506439,
        0.22216954827308655,
        0.23046718537807465,
        0.23603537678718567,
        0.19731760025024414,
        0.21055008471012115,
        0.19648084044456482,
        0.1913413256406784,
        0.1863328218460083,
        0.20172689855098724,
        0.18430301547050476,
        0.18198537826538086,
        0.16625402867794037,
        0.22754433751106262,
        0.25348958373069763,
        0.21248921751976013,
        0.180738627910614,
        0.18134705722332,
        0.2180991917848587,
        0.20113031566143036,
        0.18835797905921936,
        0.1888837367296219,
        0.1898779422044754,
        0.1778336614370346,
        0.16850906610488892,
        0.16380152106285095,
        0.17056146264076233,
        0.1696024239063263,
        0.17115572094917297,
        0.17729642987251282,
        0.18486365675926208,
        0.17280830442905426,
        0.17549416422843933,
        0.17517465353012085,
        0.1830572485923767,
        0.16486918926239014,
        0.1664392203092575,
        0.17963524162769318,
        0.18404820561408997,
        0.16674283146858215,
        0.19351744651794434,
        0.2014649212360382,
        0.19610334932804108,
        0.1892518401145935,
        0.18020428717136383,
        0.18496382236480713,
        0.19575606286525726,
        0.17461298406124115,
        0.18080434203147888,
        0.19719116389751434,
        0.2198459357023239,
        0.20488372445106506,
        0.19673706591129303,
        0.17200593650341034,
        0.18280209600925446,
        0.19530703127384186,
        0.18706557154655457,
        0.18062961101531982,
        0.1861940324306488,
        0.18703307211399078,
        0.1926751732826233
    ],
    "fold3": [
        0.6974313855171204,
        0.6992554068565369,
        0.6984628438949585,
        0.6956084370613098,
        0.6921917200088501,
        0.6872782111167908,
        0.6841210126876831,
        0.6758472919464111,
        0.6537483930587769,
        0.6310428380966187,
        0.5842372179031372,
        0.5340965986251831,
        0.5161118507385254,
        0.46293210983276367,
        0.45990270376205444,
        0.39867252111434937,
        0.35841935873031616,
        0.36288535594940186,
        0.34341341257095337,
        0.32203516364097595,
        0.30795976519584656,
        0.2996464669704437,
        0.2981516718864441,
        0.28589576482772827,
        0.2771594226360321,
        0.2991819977760315,
        0.28874340653419495,
        0.2825412154197693,
        0.2740292549133301,
        0.25495532155036926,
        0.23951950669288635,
        0.2517332136631012,
        0.24229907989501953,
        0.21808898448944092,
        0.21615944802761078,
        0.21656955778598785,
        0.2192232310771942,
        0.23836219310760498,
        0.2577643394470215,
        0.23464512825012207,
        0.20195476710796356,
        0.20312069356441498,
        0.2129986435174942,
        0.2507510781288147,
        0.19197387993335724,
        0.20438356697559357,
        0.2131933718919754,
        0.20932240784168243,
        0.186858132481575,
        0.1830195039510727,
        0.17256677150726318,
        0.16782326996326447,
        0.18978698551654816,
        0.1736622154712677,
        0.17553570866584778,
        0.17495453357696533,
        0.17921996116638184,
        0.16177919507026672,
        0.19246530532836914,
        0.22053536772727966,
        0.22030015289783478,
        0.1931941658258438,
        0.16991585493087769,
        0.19320106506347656,
        0.19701959192752838,
        0.2021155059337616,
        0.18703147768974304,
        0.17059747874736786,
        0.19170354306697845,
        0.15516318380832672,
        0.20611269772052765,
        0.18288451433181763,
        0.19610299170017242,
        0.3350032567977905,
        0.24530959129333496,
        0.25402888655662537,
        0.20764848589897156,
        0.17044489085674286,
        0.1751994490623474,
        0.17396888136863708
    ],