{
    "fold1": [
        [
            0.8073113816871977,
            0.716425287096124
        ],
        [
            0.9355476927338985,
            0.8358128661649269
        ],
        [
            0.9288083516192018,
            0.8640062709649404
        ],
        [
            0.8600962308415195,
            0.777557808840484
        ],
        [
            0.9521066379128841,
            0.8889067559911493
        ],
        [
            0.9589148221308725,
            0.9081628808849737
        ],
        [
            0.9435288367564219,
            0.8902203683790407
        ],
        [
            0.9508641947779739,
            0.9028706534912712
        ],
        [
            0.9526563461935311,
            0.908889548297514
        ],
        [
            0.91873778245951,
            0.8583068337879682
        ],
        [
            0.9617144768698174,
            0.9173729121685028
        ],
        [
            0.9577562307056627,
            0.9096691482945493
        ]
    ],
    "fold2": [
        [
            0.860147557368404,
            0.6667298645903397
        ],
        [
            0.9387448958137579,
            0.7463406933504239
        ],
        [
            0.9510016064894827,
            0.7155175641701933
        ],
        [
            0.934160009810799,
            0.7645458461187796
        ],
        [
            0.9316117371383467,
            0.7681694003312212
        ],
        [
            0.8925407088378019,
            0.7723688146639656
        ],
        [
            0.8795213792146298,
            0.6877487569663412
        ],
        [
            0.9332623975841623,
            0.7906026323080847
        ],
        [
            0.9047577612494168,
            0.7776008639239559
        ],
        [
            0.8729497296245474,
            0.7039275667385051
        ],
        [
            0.9369170004338548,
            0.7916585723297638
        ],
        [
            0.925953997593177,
            0.7791521594974032
        ]
    ],
    "fold3": [
        [
            0.7820399279945192,
            0.6077504545054605
        ],
        [
            0.8315709375702174,
            0.5610591720756704
        ],
        [
            0.8689695372518185,
            0.658138537598131
        ],
        [
            0.832513775116047,
            0.6579848879750455
        ],
        [
            0.9150580995905716,
            0.6839598461458113
        ],
        [
            0.8632394701769922,
            0.6287353445396684
        ],
        [
            0.888929458054821,
            0.674063099614155
        ],
        [
            0.83725861995687,
            0.6754743591346571
        ],
        [
            0.8910991976746415,
            0.716168055525132
        ],
        [
            0.9119990903191861,
            0.7284440989326956
        ],
        [
            0.9204061743432441,
            0.7071599238088552
        ],
        [
            0.9196350848780269,
            0.665792506600759
        ]
    ],
    "fold4": [
        [
            0.934910685615202,
            0.7526787568246369
        ],
        [
            0.8649840428765896,
            0.631813511384272
        ],
        [
            0.9414036157911858,
            0.7475360833114606
        ],
        [
            0.9487048081592121,
            0.7954728555890311
        ],
        [
            0.9026505058318113,
            0.7053419235533318
        ],
        [
            0.949493274224543,
            0.8073758656999707
        ],
        [
            0.9526004374554727,
            0.8248943839452964
        ],
        [
            0.946082970737356,
            0.7561598008712836
        ],
        [
            0.9497291830788671,
            0.8077922909133202
        ],
        [
            0.9508319887439761,
            0.8096767582197105
        ],
        [
            0.9037056995176636,
            0.7519003540541218
        ],
        [
            0.9580694278784557,
            0.8328865956416173
        ]
    ],
    "fold5": [
        [
            0.8285602215117058,
            0.7319168912625946
        ],
        [
            0.8742068208160654,
            0.6801405143141087
        ],
        [
            0.9023892436407309,
            0.7355786219107366
        ],
        [
            0.9102166891098022,
            0.7557909636370903
        ],
        [
            0.9159676580302483,
            0.7338328739315008
        ],
        [
            0.8991179571742505,
            0.5780477716688703
        ],
        [
            0.910726990847461,
            0.6523801729585811
        ],
        [
            0.9058762071406947,
            0.6908211809607734
        ],
        [
            0.9053635649976477,
            0.6912740118208185
        ],
        [
            0.9126650601361705,
            0.737174170339002
        ],
        [
            0.9002763468079862,
            0.7645002447925837
        ],
        [
            0.9113434975126148,
            0.7444757720274208
        ]
    ]
}