{
    "fold1": [
        [
            0.7164725990671861,
            0.5945044785999415
        ],
        [
            0.8846069642326289,
            0.7381866328548967
        ],
        [
            0.8862307229847238,
            0.7788636574619695
        ],
        [
            0.7893395439574593,
            0.677488795890097
        ],
        [
            0.9164312947214696,
            0.8135131973969308
        ],
        [
            0.9287622863786262,
            0.8448247802362108
        ],
        [
            0.9082171637238118,
            0.8233784306467625
        ],
        [
            0.9187875748203512,
            0.8365929179024278
        ],
        [
            0.9216084919477764,
            0.8469684610241338
        ],
        [
            0.877800138373124,
            0.7673394081362507
        ],
        [
            0.933342194086627,
            0.8583858590899852
        ],
        [
            0.9267215459493169,
            0.8469085497291464
        ]
    ],
    "fold2": [
        [
            0.8063897459784097,
            0.5589582561852263
        ],
        [
            0.8928254173513044,
            0.6517313946561333
        ],
        [
            0.9119567965206347,
            0.6396391336947043
        ],
        [
            0.8937908460696539,
            0.6907335124366606
        ],
        [
            0.895650773717646,
            0.6940789287746475
        ],
        [
            0.8620912218956571,
            0.6982265478364481
        ],
        [
            0.8377043556487351,
            0.5876444492309371
        ],
        [
            0.8998095032415891,
            0.7238925486361902
        ],
        [
            0.873086211385957,
            0.7085021600707254
        ],
        [
            0.8302845587594467,
            0.6071069441866457
        ],
        [
            0.9033038705064539,
            0.7265909800730777
        ],
        [
            0.8918700060039236,
            0.710341799873532
        ]
    ],
    "fold3": [
        [
            0.6921791707256199,
            0.48406124550156887
        ],
        [
            0.7278163103403243,
            0.433581341964613
        ],
        [
            0.8041442135530236,
            0.5755277708073897
        ],
        [
            0.7658822206137454,
            0.5571433607531625
        ],
        [
            0.8576992038076958,
            0.5926138444811897
        ],
        [
            0.7909869102645765,
            0.5384674475598356
        ],
        [
            0.8254374273582897,
            0.5853826258191427
        ],
        [
            0.7695261032889242,
            0.5723320488546011
        ],
        [
            0.8343898706731543,
            0.6293747627291729
        ],
        [
            0.8614140950736746,
            0.637021604285142
        ],
        [
            0.8701301021913511,
            0.6149157005701157
        ],
        [
            0.8564198549869841,
            0.5714225561221015
        ]
    ],
    "fold4": [
        [
            0.8835265362157231,
            0.6367739413296227
        ],
        [
            0.7690537566632296,
            0.4934599975832796
        ],
        [
            0.8957007321636233,
            0.6508899575284274
        ],
        [
            0.9066123308333676,
            0.6851443350315094
        ],
        [
            0.8423310745078906,
            0.6140544703312679
        ],
        [
            0.908361968213478,
            0.7058172940680411
        ],
        [
            0.9133090867405445,
            0.7223526777419369
        ],
        [
            0.9013617645322749,
            0.6424616020073933
        ],
        [
            0.9078299535059295,
            0.7031740802051747
        ],
        [
            0.9097250077576764,
            0.704560311230938
        ],
        [
            0.8419925654883933,
            0.6423679715500469
        ],
        [
            0.9226016586860725,
            0.7332773841587843
        ]
    ],
    "fold5": [
        [
            0.7444834257846913,
            0.6032212505825852
        ],
        [
            0.802284644702367,
            0.5706006257044794
        ],
        [
            0.8339030565941228,
            0.6194429070548674
        ],
        [
            0.846812669154817,
            0.644792581422139
        ],
        [
            0.8538860407023303,
            0.6226461102147546
        ],
        [
            0.8247675104478819,
            0.47635823957599127
        ],
        [
            0.8445470897497329,
            0.547344141042239
        ],
        [
            0.8362769880126008,
            0.5758490796341041
        ],
        [
            0.8380421621609578,
            0.5805945443566394
        ],
        [
            0.8467393211558857,
            0.618064847601726
        ],
        [
            0.8327225984725277,
            0.650543426781629
        ],
        [
            0.8451237757649042,
            0.6273030362429872
        ]
    ]
}