{
    "fold1": [
        2.3962594270706177,
        2.260998785495758,
        2.1791642904281616,
        2.1393354535102844,
        2.104357063770294,
        2.0758681893348694,
        2.0392046570777893,
        1.9846228957176208,
        1.9330986738204956,
        1.852626919746399,
        1.7679973244667053,
        1.685619592666626,
        1.555540382862091,
        1.4163228273391724,
        1.308175414800644,
        1.1866452991962433,
        1.0814058780670166,
        1.0023899972438812,
        0.9011655151844025,
        0.8337197601795197,
        0.7831683456897736,
        0.7096261382102966,
        0.6736344695091248,
        0.6336639970541,
        0.5894647687673569,
        0.5497204810380936,
        0.5277644246816635,
        0.5117461979389191,
        0.48078854382038116,
        0.4635852426290512,
        0.4298305809497833,
        0.40698328614234924,
        0.3808642849326134,
        0.35870783776044846,
        0.3493313416838646,
        0.32686858624219894,
        0.3130945786833763,
        0.3043754920363426,
        0.29571346938610077,
        0.280900239944458,
        0.2665269374847412,
        0.259355366230011,
        0.25167278945446014,
        0.24717504531145096,
        0.24227477610111237,
        0.22567218542099,
        0.2221270352602005,
        0.2129216194152832,
        0.20917216688394547,
        0.20690422505140305,
        0.2013780102133751,
        0.20408404618501663,
        0.21663236618041992,
        0.20333779975771904,
        0.19335516542196274,
        0.1945500336587429,
        0.18381300568580627,
        0.1799430437386036,
        0.17357565462589264,
        0.17029757052659988,
        0.16293346509337425,
        0.1617325320839882,
        0.15402530133724213,
        0.1587568111717701,
        0.15255405008792877,
        0.1502089872956276,
        0.14950935915112495,
        0.14693085104227066,
        0.14065391197800636,
        0.1400555931031704,
        0.14712608978152275,
        0.17154734209179878,
        0.19928621128201485,
        0.1842651292681694,
        0.15918400511145592,
        0.15695800259709358,
        0.14894162118434906,
        0.14495369046926498,
        0.14306393638253212,
        0.13412774726748466
    ],
    "fold2": [
        2.613573729991913,
        2.3575791716575623,
        2.200654923915863,
        2.1042558550834656,
        2.016140341758728,
        1.909738838672638,
        1.7892857193946838,
        1.6241042017936707,
        1.4846810698509216,
        1.3814659416675568,
        1.275687724351883,
        1.150706708431244,
        1.0620198845863342,
        0.9977434575557709,
        0.9142112731933594,
        0.8371604084968567,
        0.8097127676010132,
        0.7502289116382599,
        0.7095311433076859,
        0.6557037383317947,
        0.6131998300552368,
        0.5804400742053986,
        0.552903950214386,
        0.5090070068836212,
        0.47336333990097046,
        0.45539045333862305,
        0.42324213683605194,
        0.40440255403518677,
        0.37542150914669037,
        0.36389976739883423,
        0.3515918478369713,
        0.34807800501585007,
        0.31906894594430923,
        0.3070213198661804,
        0.29102175682783127,
        0.28033316135406494,
        0.2777150645852089,
        0.2664322480559349,
        0.2540513128042221,
        0.2512262612581253,
        0.24090968817472458,
        0.2383395880460739,
        0.23910804092884064,
        0.23111919313669205,
        0.2330569252371788,
        0.22982293367385864,
        0.21741914749145508,
        0.20913875848054886,
        0.20298130810260773,
        0.19492623582482338,
        0.19393596425652504,
        0.18062521144747734,
        0.1831570379436016,
        0.1762525513768196,
        0.17235802859067917,
        0.1661764495074749,
        0.1652333289384842,
        0.16051535308361053,
        0.16141698509454727,
        0.15820765495300293,
        0.15164603292942047,
        0.14925411343574524,
        0.1526314578950405,
        0.14492546766996384,
        0.14753220230340958,
        0.14017386734485626,
        0.14733828976750374,
        0.13746428862214088,
        0.13651004433631897,
        0.13864239677786827,
        0.13305746763944626,
        0.13251952826976776,
        0.12958716228604317,
        0.12463216111063957,
        0.12459481135010719,
        0.12293865904211998,
        0.12229521572589874,
        0.11977839469909668,
        0.11588948965072632,
        0.12120459601283073
    ],
    "fold3": [
        2.501180648803711,
        2.358649730682373,
        2.2236281037330627,
        2.120845139026642,
        2.043560564517975,
        1.9551054239273071,
        1.8439002633094788,
        1.7007088661193848,
        1.5689445734024048,
        1.4636306464672089,
        1.3440256118774414,
        1.2424263656139374,
        1.1398389637470245,
        1.0344600081443787,
        0.9754400551319122,
        0.8992698788642883,
        0.8136024177074432,
        0.7615450173616409,
        0.7175570875406265,
        0.6623086631298065,
        0.6114546656608582,
        0.5626516342163086,
        0.5277490019798279,
        0.48918911814689636,
        0.47696535289287567,
        0.45024439692497253,
        0.42366923391819,
        0.39455676078796387,
        0.37667305022478104,
        0.4361214190721512,
        0.35805968940258026,
        0.35409753769636154,
        0.37094565480947495,
        0.324418380856514,
        0.30149421095848083,
        0.30501870810985565,
        0.28182026743888855,
        0.270901121199131,
        0.26451995968818665,
        0.24613849073648453,
        0.24932224303483963,
        0.23318901658058167,
        0.2269488051533699,
        0.22007931023836136,
        0.21130488812923431,
        0.20647287368774414,
        0.20418381690979004,
        0.19287363439798355,
        0.1888432428240776,
        0.18039949610829353,
        0.18462470173835754,
        0.1707082763314247,
        0.1689702458679676,
        0.16131331771612167,
        0.16296923160552979,
        0.15989955887198448,
        0.15198829397559166,
        0.1558208428323269,
        0.15331709012389183,
        0.14419163390994072,
        0.1470964215695858,
        0.14164721220731735,
        0.13694259151816368,
        0.138042900711298,
        0.13513455912470818,
        0.14040561392903328,
        0.14245674014091492,
        0.14487121999263763,
        0.14763736724853516,
        0.13565557077527046,
        0.134452223777771,
        0.1350669041275978,
        0.127678781747818,
        0.12167475372552872,
        0.1213313490152359,
        0.11491205170750618,
        0.1181437075138092,
        0.11261143162846565,
        0.11367282643914223,
        0.10974954813718796
    ],