{
    "fold1": [
        0.6934852600097656,
        0.6938328146934509,
        0.6938432455062866,
        0.6937308311462402,
        0.6935049295425415,
        0.6932578682899475,
        0.6930047869682312,
        0.6915361881256104,
        0.6726129651069641,
        0.6420248746871948,
        0.6153205633163452,
        0.6907849311828613,
        0.8104894757270813,
        0.9358035922050476,
        1.080888032913208,
        1.1602271795272827,
        1.3634848594665527,
        1.4439862966537476,
        1.4927594661712646,
        1.6034091711044312,
        1.7227230072021484,
        1.817015290260315,
        1.8500596284866333,
        1.983849287033081,
        2.018479585647583,
        2.0767557621002197,
        0.44503548741340637,
        0.25600436329841614,
        1.522236704826355,
        2.3344736099243164,
        2.434605121612549,
        2.3923046588897705,
        2.418617010116577,
        2.4102656841278076,
        2.3974156379699707,
        2.45552134513855,
        2.4759888648986816,
        2.39643931388855,
        2.3416285514831543,
        2.276154041290283,
        2.0949056148529053,
        1.2324146032333374,
        0.13783451914787292,
        0.14249053597450256,
        0.13358694314956665,
        0.13419805467128754,
        0.13713499903678894,
        2.066009044647217,
        2.2981555461883545,
        2.0431745052337646,
        1.9150975942611694,
        0.2702499330043793,
        0.4815736711025238,
        0.1928585320711136,
        2.548501968383789,
        2.7707605361938477,
        2.7559523582458496,
        2.534198522567749,
        2.615875244140625,
        2.6766748428344727,
        0.10552245378494263,
        0.36826926469802856,
        0.5368512272834778,
        0.29075050354003906,
        0.13599994778633118,
        0.2548220455646515,
        2.3050434589385986,
        0.2833000719547272,
        0.10741973668336868,
        0.4803353548049927,
        2.72271466255188,
        0.8965375423431396,
        0.16903412342071533,
        0.26095619797706604,
        0.41386279463768005,
        0.5103510618209839,
        0.577141284942627,
        0.5605183243751526,
        0.47613000869750977,
        0.3751653730869293
    ],
    "fold2": [
        0.6934362649917603,
        0.6953861713409424,
        0.6974231004714966,
        0.6994756460189819,
        0.7016049027442932,
        0.7046247124671936,
        0.710685670375824,
        0.7088227868080139,
        0.6226436495780945,
        0.7163401246070862,
        0.6902817487716675,
        0.8069277405738831,
        1.0803749561309814,
        1.0248430967330933,
        1.1214067935943604,
        1.1176155805587769,
        1.345871090888977,
        1.1177260875701904,
        1.225419044494629,
        1.3280227184295654,
        1.4251947402954102,
        1.4362388849258423,
        1.4207582473754883,
        1.2827070951461792,
        1.4392181634902954,
        1.6503353118896484,
        1.7179679870605469,
        1.782429575920105,
        1.4736114740371704,
        0.30799779295921326,
        0.19015109539031982,
        1.8676273822784424,
        1.9843674898147583,
        2.0724806785583496,
        2.0157041549682617,
        1.7918367385864258,
        1.6743663549423218,
        1.7712905406951904,
        1.8106863498687744,
        1.4742110967636108,
        1.3451937437057495,
        0.38822612166404724,
        1.8161123991012573,
        1.4193613529205322,
        0.9097131490707397,
        1.0531971454620361,
        1.4074403047561646,
        1.7402352094650269,
        1.8978147506713867,
        0.6940939426422119,
        0.3684375584125519,
        0.5731393098831177,
        0.512488842010498,
        0.18841508030891418,
        1.7663450241088867,
        1.753659963607788,
        0.21598398685455322,
        0.5171641707420349,
        0.6166963577270508,
        0.5703691840171814,
        0.42302411794662476,
        0.28655481338500977,
        0.20235876739025116,
        0.15703396499156952,
        0.23418720066547394,
        0.24216055870056152,
        0.11245115846395493,
        1.7417259216308594,
        2.266885757446289,
        2.1638011932373047,
        0.12634854018688202,
        0.10526831448078156,
        0.22736166417598724,
        0.25808289647102356,
        0.20068982243537903,
        0.1249457597732544,
        0.11436247825622559,
        0.11362940073013306,
        0.11443287879228592,
        0.13670848309993744
    ],
    "fold3": [
        0.6934708952903748,
        0.6939993500709534,
        0.6942025423049927,
        0.6941335201263428,
        0.6940861344337463,
        0.6946161985397339,
        0.6944651007652283,
        0.67027348279953,
        0.6178684234619141,
        0.9306823015213013,
        1.1268694400787354,
        1.070183515548706,
        1.0404337644577026,
        1.221348524093628,
        1.6231683492660522,
        1.4382734298706055,
        1.564087152481079,
        1.4798803329467773,
        1.3072960376739502,
        1.3280495405197144,
        1.4850128889083862,
        1.5428377389907837,
        1.4565049409866333,
        1.2822977304458618,
        0.8911664485931396,
        1.4814672470092773,
        1.7335728406906128,
        1.3289669752120972,
        1.4076060056686401,
        0.4298582375049591,
        0.441140353679657,
        0.46772778034210205,
        0.37227487564086914,
        0.34454718232154846,
        0.30322158336639404,
        0.5979639291763306,
        1.291260004043579,
        1.4591710567474365,
        0.5375301241874695,
        1.6138575077056885,
        1.6295746564865112,
        1.7456040382385254,
        1.9125070571899414,
        2.0359551906585693,
        2.004143476486206,
        1.9437432289123535,
        1.9679642915725708,
        1.8709033727645874,
        1.1852822303771973,
        0.10366099327802658,
        0.10592905431985855,
        1.3519891500473022,
        1.859709620475769,
        1.996991753578186,
        2.018986225128174,
        2.1256814002990723,
        2.107187509536743,
        2.113807439804077,
        2.029755115509033,
        2.198197364807129,
        2.257835865020752,
        2.1928250789642334,
        1.985711932182312,
        1.615286946296692,
        1.4909083843231201,
        0.10489485412836075,
        0.10813619196414948,
        1.8643380403518677,
        2.836761951446533,
        3.003047466278076,
        2.8208651542663574,
        2.790454387664795,
        2.6404027938842773,
        2.412226676940918,
        2.3240320682525635,
        2.312986135482788,
        2.2984166145324707,
        2.105989694595337,
        0.2256835550069809,
        0.09316354990005493
    ],