{
    "fold1": [
        11.119467616081238,
        9.345199286937714,
        7.898139178752899,
        6.675704717636108,
        5.778223931789398,
        5.298744559288025,
        4.59056830406189,
        3.9829165935516357,
        3.544094055891037,
        3.2333860397338867,
        2.95840123295784,
        2.7980298846960068,
        2.4675940424203873,
        2.3074785321950912,
        2.048282891511917,
        1.8897747248411179,
        1.710108920931816,
        1.6319447085261345,
        1.5537938550114632,
        1.46137785166502,
        1.4439186304807663,
        1.3995371460914612,
        1.3046400919556618,
        1.2407069727778435,
        1.1551348567008972,
        1.1140169277787209,
        1.079818807542324,
        1.0089062303304672,
        0.9577325284481049,
        0.9420390874147415,
        0.8637212589383125,
        0.8238726519048214,
        0.8004892952740192,
        0.8060442581772804,
        0.7979595400393009,
        0.8008030913770199,
        0.7567671313881874,
        0.7308566495776176,
        0.7366287671029568,
        0.7236998863518238,
        0.7299612984061241,
        0.7084053792059422,
        0.66853366792202,
        0.7056503631174564,
        0.6932131536304951,
        0.6639188528060913,
        0.6334573999047279,
        0.6297443397343159,
        0.5894136764109135,
        0.5947521701455116,
        0.5572737008333206,
        0.5471684485673904,
        0.5418071895837784,
        0.5286126397550106,
        0.5440683737397194,
        0.532381396740675,
        0.5317524522542953,
        0.5228883177042007,
        0.4904271699488163,
        0.5089955925941467,
        0.5128633640706539,
        0.5005441009998322,
        0.5036242753267288,
        0.504049688577652,
        0.47862616926431656,
        0.48030467331409454,
        0.471685528755188,
        0.4575187377631664,
        0.45573921129107475,
        0.4612775631248951,
        0.4423300586640835,
        0.591537345200777,
        1.3557197451591492,
        1.0530417561531067,
        0.8087197318673134,
        0.6660050265491009,
        0.592904731631279,
        0.5362730883061886,
        0.5354725457727909,
        0.5158830508589745
    ],
    "fold2": [
        9.72510677576065,
        7.3186840415000916,
        5.69473534822464,
        4.6061908304691315,
        3.8203927278518677,
        3.275128051638603,
        2.902037814259529,
        2.594611331820488,
        2.324543759226799,
        2.165836066007614,
        2.013266161084175,
        1.760693833231926,
        1.6480757296085358,
        1.5765931084752083,
        1.5117160230875015,
        1.4968173429369926,
        1.3116859197616577,
        1.2589652836322784,
        1.1831846237182617,
        1.145669348537922,
        1.1275921016931534,
        1.0326734259724617,
        0.9913090392947197,
        0.9719598479568958,
        0.9354618415236473,
        0.9212861210107803,
        0.90492158010602,
        0.8660280629992485,
        0.8433033898472786,
        0.8455851934850216,
        0.8410287573933601,
        0.8031621016561985,
        0.7606739103794098,
        0.7658272422850132,
        0.7786125540733337,
        0.7495552562177181,
        0.7164164483547211,
        0.7101273983716965,
        0.6679419279098511,
        0.673268299549818,
        0.6604147963225842,
        0.6594513095915318,
        0.6227719634771347,
        0.6189052872359753,
        0.6472373306751251,
        0.6134738251566887,
        0.6011407934129238,
        0.5832111947238445,
        0.5652844831347466,
        0.5728718303143978,
        0.6063163243234158,
        0.5883500017225742,
        0.5768178105354309,
        0.5628179386258125,
        0.5448408089578152,
        0.5778737664222717,
        0.6337111033499241,
        0.6878072433173656,
        0.6440366022288799,
        0.6003712378442287,
        0.5756343752145767,
        0.560815054923296,
        0.5643743053078651,
        0.5209177285432816,
        0.48077837377786636,
        0.4653848633170128,
        0.4457786902785301,
        0.43815232440829277,
        0.4269255194813013,
        0.4339631199836731,
        0.437211349606514,
        0.427601782605052,
        0.4241977334022522,
        0.4225334357470274,
        0.42986744083464146,
        0.4223048761487007,
        0.42825279757380486,
        0.4199317581951618,
        0.43384350650012493,
        0.4183389600366354
    ],
    "fold3": [
        11.464675486087799,
        9.248425364494324,
        7.909227252006531,
        6.835764706134796,
        5.778210908174515,
        4.873101860284805,
        4.190336108207703,
        3.6793653666973114,
        3.3008603155612946,
        2.9193205088377,
        2.579862490296364,
        2.2398253232240677,
        2.0053861141204834,
        1.838893011212349,
        1.7517691925168037,
        1.6417249888181686,
        1.5461964309215546,
        1.4609980434179306,
        1.346060335636139,
        1.330094300210476,
        1.223129004240036,
        1.1421184092760086,
        1.0569461658596992,
        0.9983294457197189,
        0.9411887228488922,
        0.9125379547476768,
        0.8905524238944054,
        0.8374710902571678,
        0.9026632867753506,
        0.8604647181928158,
        0.9009335525333881,
        0.8270426131784916,
        0.784626267850399,
        0.7571471780538559,
        0.7291495427489281,
        0.6951712965965271,
        0.6807729937136173,
        0.6724157556891441,
        0.6893734745681286,
        0.6649044938385487,
        0.665055874735117,
        0.6520465463399887,
        0.6382170282304287,
        0.641254611313343,
        0.6183144897222519,
        0.59907241538167,
        0.5704278536140919,
        0.6219879724085331,
        0.5916320644319057,
        0.6165036000311375,
        0.6295803263783455,
        0.5935620330274105,
        0.6164070144295692,
        1.1882210336625576,
        0.9304819703102112,
        0.7668715082108974,
        0.6555471681058407,
        0.5853566005825996,
        0.5726554021239281,
        0.5539178289473057,
        0.5408344268798828,
        0.5264257788658142,
        0.5271515063941479,
        0.5251958109438419,
        0.5415475368499756,
        0.5800289027392864,
        0.5902356952428818,
        0.61221968755126,
        0.5890231020748615,
        0.5170938074588776,
        0.5024626143276691,
        0.48477473482489586,
        0.4760080389678478,
        0.4734208360314369,
        0.45272042974829674,
        0.44036183319985867,
        0.4290248043835163,
        0.4349689558148384,
        0.427072374150157,
        0.42781414836645126
    ],