{
    "fold1": [
        1.4674509763717651,
        1.3945964574813843,
        1.2658149003982544,
        1.1008530855178833,
        0.908678412437439,
        0.8248052299022675,
        0.7358242869377136,
        0.6167681813240051,
        0.5398095548152924,
        0.5110517889261246,
        0.5491640269756317,
        0.432878777384758,
        0.4149995893239975,
        0.3461068123579025,
        0.33795419335365295,
        0.2800759971141815,
        0.2541991397738457,
        0.2839803546667099,
        0.291315421462059,
        0.44842472672462463,
        0.28421127796173096,
        0.33997659385204315,
        0.2721037194132805,
        0.18918848782777786,
        0.19141454994678497,
        0.19080900400877,
        0.1840570643544197,
        0.16553625464439392,
        0.17243622988462448,
        0.17098160088062286,
        0.1432196944952011,
        0.13968370109796524,
        0.1320273019373417,
        0.14231359213590622,
        0.14561832696199417,
        0.16141903400421143,
        0.23320776224136353,
        0.12252425029873848,
        0.12150293216109276,
        0.15633103996515274,
        0.12334419414401054,
        0.1365935541689396,
        0.13348093628883362,
        0.13474353402853012,
        0.12346884608268738,
        0.11987541615962982,
        0.11493570357561111,
        0.11008746549487114,
        0.1032407209277153,
        0.11770736053586006,
        0.13215556740760803,
        0.10770892351865768,
        0.10249697789549828,
        0.14341477677226067,
        0.10728003084659576,
        0.09997746348381042,
        0.10883156210184097,
        0.1384497657418251,
        0.13825585693120956,
        0.10872846469283104,
        0.12127538025379181,
        0.10306708514690399,
        0.12820526212453842,
        0.12119123712182045,
        0.09523550048470497,
        0.10444757714867592,
        0.11094571277499199,
        0.09933405369520187,
        0.10687386617064476,
        0.11702417582273483,
        0.21477124840021133,
        0.47253261506557465,
        0.6204299926757812,
        0.33917179703712463,
        0.14365742355585098,
        0.13397694751620293,
        0.10105351358652115,
        0.09745926409959793,
        0.12952518835663795,
        0.1306026205420494
    ],
    "fold2": [
        1.41452157497406,
        1.234861433506012,
        0.9910565316677094,
        0.7704162895679474,
        0.6093108654022217,
        0.5539339184761047,
        0.4360198378562927,
        0.37766093015670776,
        0.3230983018875122,
        0.3633899986743927,
        0.3356485664844513,
        0.28569871187210083,
        0.23605169355869293,
        0.2219451144337654,
        0.2097051590681076,
        0.23125727474689484,
        0.23239246755838394,
        0.2481570690870285,
        0.20639850944280624,
        0.4563389867544174,
        0.2257578745484352,
        0.16776542365550995,
        0.1697975918650627,
        0.1663549691438675,
        0.1747230440378189,
        0.1373537965118885,
        0.2085075080394745,
        0.16969439387321472,
        0.13399894163012505,
        0.1479547992348671,
        0.140336312353611,
        0.1322852559387684,
        0.18686017394065857,
        0.1582101359963417,
        0.14045555889606476,
        0.1419701874256134,
        0.13103312999010086,
        0.12271381169557571,
        0.1203794814646244,
        0.14449390396475792,
        0.12808241322636604,
        0.12692700326442719,
        0.17449816316366196,
        0.11839750036597252,
        0.11459518224000931,
        0.12022668868303299,
        0.13596704602241516,
        0.11098334938287735,
        0.11298846825957298,
        0.1194198988378048,
        0.11441580951213837,
        0.11542090773582458,
        0.20602809637784958,
        0.11798378825187683,
        0.13923795148730278,
        0.14283179491758347,
        0.14097358286380768,
        0.14672499895095825,
        0.15689629316329956,
        0.17053475230932236,
        0.1263190172612667,
        0.10589967668056488,
        0.11818418279290199,
        0.11456021293997765,
        0.10259770974516869,
        0.10022250190377235,
        0.10166836529970169,
        0.0974581390619278,
        0.10264431312680244,
        0.09592745453119278,
        0.09778093919157982,
        0.09760754182934761,
        0.10276743024587631,
        0.12398966401815414,
        0.10007715970277786,
        0.10664981976151466,
        0.0942046120762825,
        0.11181624233722687,
        0.10728327929973602,
        0.1177583672106266
    ],
    "fold3": [
        1.5492084622383118,
        1.3785247802734375,
        1.336364507675171,
        1.115586519241333,
        0.8775251805782318,
        0.9090237617492676,
        0.6360262334346771,
        0.7142556011676788,
        0.554108202457428,
        0.5210012644529343,
        0.43318429589271545,
        0.3535812497138977,
        0.38674572110176086,
        0.4177182465791702,
        0.2762903422117233,
        0.2511260583996773,
        0.2613265961408615,
        0.2138242870569229,
        0.2307608798146248,
        0.21546316891908646,
        0.2269263193011284,
        0.19137416034936905,
        0.18491779267787933,
        0.1667240783572197,
        0.15219903737306595,
        0.17587649822235107,
        0.1642478108406067,
        0.16743575036525726,
        0.15545711666345596,
        0.1688980832695961,
        0.15090450271964073,
        0.15486107766628265,
        0.1529824137687683,
        0.13840875029563904,
        0.13157589361071587,
        0.1310110203921795,
        0.1280166618525982,
        0.12603672966361046,
        0.12444102019071579,
        0.15713128447532654,
        0.14209088683128357,
        0.15313277766108513,
        0.15000440180301666,
        0.15414270758628845,
        0.13555114716291428,
        0.11058289557695389,
        0.14141156524419785,
        0.13951803743839264,
        0.11933669075369835,
        0.12379307299852371,
        0.1247280091047287,
        0.23721103370189667,
        0.1341492049396038,
        0.6503925919532776,
        0.18217679858207703,
        0.1322402060031891,
        0.13127808645367622,
        0.1281689740717411,
        0.10875018313527107,
        0.1100081279873848,
        0.11562961712479591,
        0.11666681617498398,
        0.10536885261535645,
        0.10357988625764847,
        0.13905476406216621,
        0.31758683919906616,
        0.1365513876080513,
        0.17689445614814758,
        0.12139534577727318,
        0.11256731674075127,
        0.09464656934142113,
        0.09655154123902321,
        0.10036593303084373,
        0.09803816676139832,
        0.0974498838186264,
        0.09397876262664795,
        0.1022847592830658,
        0.09842029958963394,
        0.08784091100096703,
        0.10119985044002533
    ],